<?xml version="1.0"?>
<SourceTargetMatrix version="1.1" xmlns:esri="http://www.esri.com">
  <Datasets>
    <Project>Medina.aprx</Project>
    <Source>Medina.gdb\FROM_MEDINA</Source>
    <Target>Medina.gdb\TO_MEDINA</Target>
    <SourceFactoryCode>3857</SourceFactoryCode>
    <TargetFactoryCode>3857</TargetFactoryCode>
    <ReplaceBy>
    </ReplaceBy>
  </Datasets>
  <Fields>
    <Field>
      <SourceName>PROP_ID</SourceName>
      <TargetName>PROP_ID</TargetName>
      <Method>Copy</Method>
    </Field>
    <Field>
      <SourceName>geo_id</SourceName>
      <TargetName>GEO_ID</TargetName>
      <Method>Copy</Method>
    </Field>
    <Field>
      <SourceName>file_as_na</SourceName>
      <TargetName>OWNER_NAME</TargetName>
      <Method>Copy</Method>
    </Field>
    <Field>
      <SourceName>(None)</SourceName>
      <TargetName>NAME_CARE</TargetName>
      <Method>None</Method>
    </Field>
    <Field>
      <SourceName>legal_acre</SourceName>
      <TargetName>LEGAL_AREA</TargetName>
      <Method>Copy</Method>
    </Field>
    <Field>
      <SourceName>(None)</SourceName>
      <TargetName>LGL_AREA_UNIT</TargetName>
      <Method>SetValue</Method>
      <SetValue>ACRES</SetValue>
    </Field>
    <Field>
      <SourceName>(None)</SourceName>
      <TargetName>GIS_AREA</TargetName>
      <Method>None</Method>
    </Field>
    <Field>
      <SourceName>(None)</SourceName>
      <TargetName>GIS_AREA_UNIT</TargetName>
      <Method>SetValue</Method>
      <SetValue>ACRES</SetValue>
    </Field>
    <Field>
      <SourceName>legal_desc</SourceName>
      <TargetName>LEGAL_DESC</TargetName>
      <Method>Concatenate</Method>
      <Separator>(space)</Separator>
      <cFields>
        <cField>
          <Name>legal_desc</Name>
        </cField>
        <cField>
          <Name>legal_de_1</Name>
        </cField>
        <cField>
          <Name>legal_de_2</Name>
        </cField>
      </cFields>
    </Field>
    <Field>
      <SourceName>(None)</SourceName>
      <TargetName>STAT_LAND_USE</TargetName>
      <Method>None</Method>
    </Field>
    <Field>
      <SourceName>(None)</SourceName>
      <TargetName>LOC_LAND_USE</TargetName>
      <Method>None</Method>
    </Field>
    <Field>
      <SourceName>land_val</SourceName>
      <TargetName>LAND_VALUE</TargetName>
      <Method>Copy</Method>
    </Field>
    <Field>
      <SourceName>imprv_val</SourceName>
      <TargetName>IMP_VALUE</TargetName>
      <Method>Copy</Method>
    </Field>
    <Field>
      <SourceName>market</SourceName>
      <TargetName>MKT_VALUE</TargetName>
      <Method>Copy</Method>
    </Field>
    <Field>
      <SourceName>(None)</SourceName>
      <TargetName>SITUS_ADDR</TargetName>
      <Method>Concatenate</Method>
      <Separator>(space)</Separator>
      <cFields>
        <cField>
          <Name>situs_num</Name>
        </cField>
        <cField>
          <Name>situs_stre</Name>
        </cField>
        <cField>
          <Name>situs_st_1</Name>
        </cField>
        <cField>
          <Name>situs_st_2</Name>
        </cField>
        <cField>
          <Name>situs_city</Name>
        </cField>
        <cField>
          <Name>situs_stat</Name>
        </cField>
        <cField>
          <Name>situs_zip</Name>
        </cField>
      </cFields>
    </Field>
    <Field>
      <SourceName>situs_num</SourceName>
      <TargetName>SITUS_NUM</TargetName>
      <Method>Copy</Method>
    </Field>
    <Field>
      <SourceName>situs_stre</SourceName>
      <TargetName>SITUS_STRE</TargetName>
      <Method>Copy</Method>
    </Field>
    <Field>
      <SourceName>situs_st_1</SourceName>
      <TargetName>SITUS_ST_1</TargetName>
      <Method>Copy</Method>
    </Field>
    <Field>
      <SourceName>situs_st_2</SourceName>
      <TargetName>SITUS_ST_2</TargetName>
      <Method>Copy</Method>
    </Field>
    <Field>
      <SourceName>situs_city</SourceName>
      <TargetName>SITUS_CITY</TargetName>
      <Method>Copy</Method>
    </Field>
    <Field>
      <SourceName>situs_stat</SourceName>
      <TargetName>SITUS_STAT</TargetName>
      <Method>Copy</Method>
    </Field>
    <Field>
      <SourceName>situs_zip</SourceName>
      <TargetName>SITUS_ZIP</TargetName>
      <Method>Copy</Method>
    </Field>
    <Field>
      <SourceName>(None)</SourceName>
      <TargetName>MAIL_ADDR</TargetName>
      <Method>Concatenate</Method>
      <Separator>(space)</Separator>
      <cFields>
        <cField>
          <Name>addr_line1</Name>
        </cField>
        <cField>
          <Name>addr_line2</Name>
        </cField>
        <cField>
          <Name>addr_line3</Name>
        </cField>
        <cField>
          <Name>addr_city</Name>
        </cField>
        <cField>
          <Name>addr_state</Name>
        </cField>
        <cField>
          <Name>zip</Name>
        </cField>
      </cFields>
    </Field>
    <Field>
      <SourceName>(None)</SourceName>
      <TargetName>MAIL_LINE1</TargetName>
      <Method>None</Method>
    </Field>
    <Field>
      <SourceName>addr_line3</SourceName>
      <TargetName>MAIL_LINE2</TargetName>
      <Method>Copy</Method>
    </Field>
    <Field>
      <SourceName>addr_city</SourceName>
      <TargetName>MAIL_CITY</TargetName>
      <Method>Copy</Method>
    </Field>
    <Field>
      <SourceName>addr_state</SourceName>
      <TargetName>MAIL_STAT</TargetName>
      <Method>Copy</Method>
    </Field>
    <Field>
      <SourceName>zip</SourceName>
      <TargetName>MAIL_ZIP</TargetName>
      <Method>Copy</Method>
    </Field>
    <Field>
      <SourceName>(None)</SourceName>
      <TargetName>SOURCE</TargetName>
      <Method>SetValue</Method>
      <SetValue>BIS CONSULTING</SetValue>
    </Field>
    <Field>
      <SourceName>(None)</SourceName>
      <TargetName>DATE_ACQ</TargetName>
      <Method>SetValue</Method>
      <SetValue>202101</SetValue>
    </Field>
    <Field>
      <SourceName>(None)</SourceName>
      <TargetName>FIPS</TargetName>
      <Method>SetValue</Method>
      <SetValue>48325</SetValue>
    </Field>
    <Field>
      <SourceName>county</SourceName>
      <TargetName>COUNTY</TargetName>
      <Method>SetValue</Method>
      <SetValue>MEDINA</SetValue>
    </Field>
    <Field>
      <SourceName>(None)</SourceName>
      <TargetName>TAX_YEAR</TargetName>
      <Method>SetValue</Method>
      <SetValue>2021</SetValue>
    </Field>
    <Field>
      <SourceName>(None)</SourceName>
      <TargetName>YEAR_BUILT</TargetName>
      <Method>None</Method>
    </Field>
  </Fields>
  <SourceFields>
    <SourceField Name="(None)" />
    <SourceField AliasName="PROP_ID" Length="4" Name="PROP_ID" Type="Integer" />
    <SourceField AliasName="PROP_ID" Length="4" Name="PROP_ID_1" Type="Integer" />
    <SourceField AliasName="prop_id_1" Length="4" Name="prop_id_12" Type="Integer" />
    <SourceField AliasName="owner_tax_" Length="2" Name="owner_tax_" Type="SmallInteger" />
    <SourceField AliasName="file_as_na" Length="70" Name="file_as_na" Type="String" />
    <SourceField AliasName="legal_acre" Length="8" Name="legal_acre" Type="Double" />
    <SourceField AliasName="hood_cd" Length="10" Name="hood_cd" Type="String" />
    <SourceField AliasName="school" Length="10" Name="school" Type="String" />
    <SourceField AliasName="city" Length="25" Name="city" Type="String" />
    <SourceField AliasName="county" Length="10" Name="county" Type="String" />
    <SourceField AliasName="next_appra" Length="8" Name="next_appra" Type="Date" />
    <SourceField AliasName="legal_desc" Length="254" Name="legal_desc" Type="String" />
    <SourceField AliasName="legal_de_1" Length="254" Name="legal_de_1" Type="String" />
    <SourceField AliasName="legal_de_2" Length="254" Name="legal_de_2" Type="String" />
    <SourceField AliasName="tract_or_l" Length="50" Name="tract_or_l" Type="String" />
    <SourceField AliasName="abs_subdv_" Length="20" Name="abs_subdv_" Type="String" />
    <SourceField AliasName="land_val" Length="8" Name="land_val" Type="Double" />
    <SourceField AliasName="imprv_val" Length="8" Name="imprv_val" Type="Double" />
    <SourceField AliasName="market" Length="8" Name="market" Type="Double" />
    <SourceField AliasName="block" Length="50" Name="block" Type="String" />
    <SourceField AliasName="map_id" Length="20" Name="map_id" Type="String" />
    <SourceField AliasName="geo_id" Length="50" Name="geo_id" Type="String" />
    <SourceField AliasName="situs_num" Length="15" Name="situs_num" Type="String" />
    <SourceField AliasName="situs_stre" Length="25" Name="situs_stre" Type="String" />
    <SourceField AliasName="situs_st_1" Length="50" Name="situs_st_1" Type="String" />
    <SourceField AliasName="situs_st_2" Length="25" Name="situs_st_2" Type="String" />
    <SourceField AliasName="situs_city" Length="30" Name="situs_city" Type="String" />
    <SourceField AliasName="situs_stat" Length="15" Name="situs_stat" Type="String" />
    <SourceField AliasName="situs_zip" Length="10" Name="situs_zip" Type="String" />
    <SourceField AliasName="addr_line1" Length="60" Name="addr_line1" Type="String" />
    <SourceField AliasName="addr_line2" Length="60" Name="addr_line2" Type="String" />
    <SourceField AliasName="addr_line3" Length="60" Name="addr_line3" Type="String" />
    <SourceField AliasName="addr_city" Length="50" Name="addr_city" Type="String" />
    <SourceField AliasName="addr_state" Length="50" Name="addr_state" Type="String" />
    <SourceField AliasName="zip" Length="15" Name="zip" Type="String" />
    <SourceField AliasName="Deed_Seq" Length="4" Name="Deed_Seq" Type="Integer" />
    <SourceField AliasName="Deed_Date" Length="20" Name="Deed_Date" Type="String" />
    <SourceField AliasName="Volume" Length="20" Name="Volume" Type="String" />
    <SourceField AliasName="Page" Length="20" Name="Page" Type="String" />
    <SourceField AliasName="Number" Length="50" Name="Number" Type="String" />
  </SourceFields>
  <TargetFields>
    <TargetField AliasName="PROP_ID" Length="70" Name="PROP_ID" Type="String" />
    <TargetField AliasName="GEO_ID" Length="50" Name="GEO_ID" Type="String" />
    <TargetField AliasName="OWNER_NAME" Length="254" Name="OWNER_NAME" Type="String" />
    <TargetField AliasName="NAME_CARE" Length="254" Name="NAME_CARE" Type="String" />
    <TargetField AliasName="LEGAL_AREA" Length="8" Name="LEGAL_AREA" Type="Double" />
    <TargetField AliasName="LGL_AREA_UNIT" Length="8" Name="LGL_AREA_UNIT" Type="String" />
    <TargetField AliasName="GIS_AREA" Length="8" Name="GIS_AREA" Type="Double" />
    <TargetField AliasName="GIS_AREA_UNIT" Length="8" Name="GIS_AREA_UNIT" Type="String" />
    <TargetField AliasName="LEGAL_DESC" Length="254" Name="LEGAL_DESC" Type="String" />
    <TargetField AliasName="STAT_LAND_USE" Length="5" Name="STAT_LAND_USE" Type="String" />
    <TargetField AliasName="LOC_LAND_USE" Length="5" Name="LOC_LAND_USE" Type="String" />
    <TargetField AliasName="LAND_VALUE" Length="8" Name="LAND_VALUE" Type="Double" />
    <TargetField AliasName="IMP_VALUE" Length="8" Name="IMP_VALUE" Type="Double" />
    <TargetField AliasName="MKT_VALUE" Length="8" Name="MKT_VALUE" Type="Double" />
    <TargetField AliasName="SITUS_ADDR" Length="254" Name="SITUS_ADDR" Type="String" />
    <TargetField AliasName="SITUS_NUM" Length="15" Name="SITUS_NUM" Type="String" />
    <TargetField AliasName="SITUS_STRE" Length="10" Name="SITUS_STRE" Type="String" />
    <TargetField AliasName="SITUS_ST_1" Length="60" Name="SITUS_ST_1" Type="String" />
    <TargetField AliasName="SITUS_ST_2" Length="60" Name="SITUS_ST_2" Type="String" />
    <TargetField AliasName="SITUS_CITY" Length="60" Name="SITUS_CITY" Type="String" />
    <TargetField AliasName="SITUS_STAT" Length="2" Name="SITUS_STAT" Type="String" />
    <TargetField AliasName="SITUS_ZIP" Length="5" Name="SITUS_ZIP" Type="String" />
    <TargetField AliasName="MAIL_ADDR" Length="254" Name="MAIL_ADDR" Type="String" />
    <TargetField AliasName="MAIL_LINE1" Length="60" Name="MAIL_LINE1" Type="String" />
    <TargetField AliasName="MAIL_LINE2" Length="60" Name="MAIL_LINE2" Type="String" />
    <TargetField AliasName="MAIL_CITY" Length="60" Name="MAIL_CITY" Type="String" />
    <TargetField AliasName="MAIL_STAT" Length="2" Name="MAIL_STAT" Type="String" />
    <TargetField AliasName="MAIL_ZIP" Length="5" Name="MAIL_ZIP" Type="String" />
    <TargetField AliasName="SOURCE" Length="100" Name="SOURCE" Type="String" />
    <TargetField AliasName="DATE_ACQ" Length="4" Name="DATE_ACQ" Type="Integer" />
    <TargetField AliasName="FIPS" Length="5" Name="FIPS" Type="String" />
    <TargetField AliasName="COUNTY" Length="60" Name="COUNTY" Type="String" />
    <TargetField AliasName="TAX_YEAR" Length="2" Name="TAX_YEAR" Type="SmallInteger" />
    <TargetField AliasName="YEAR_BUILT" Length="2" Name="YEAR_BUILT" Type="SmallInteger" />
  </TargetFields>
  <Data>
    <Row Deed_Date="03/30/2011" Deed_Seq="0" Number="0" PROP_ID="8370" PROP_ID_1="8370" Page="394" Volume="811" abs_subdv_="A0873" addr_city="HONDO" addr_line1=" " addr_line2="1207 ACORN RD" addr_line3=" " addr_state="TX" block=" " city=" " county="GME" file_as_na="LIVE OAK CREEK FARM LTD" geo_id="0A0873-00387-00000-08370" hood_cd="SDH" imprv_val="0.0" land_val="814430.0" legal_acre="265.515" legal_de_1=" " legal_de_2=" " legal_desc="A0873 G. STUDER SURVEY 387; 265.515 ACRES" map_id="F12-P2" market="814430.0" next_appra="None" owner_tax_="2021" prop_id_12="8370" school="SDH" situs_city=" " situs_num=" " situs_st_1="CR 5216 ESM" situs_st_2=" " situs_stat=" " situs_stre=" " situs_zip=" " tract_or_l=" " zip="78861" />
    <Row Deed_Date="12/17/2014" Deed_Seq="0" Number="0" PROP_ID="30574" PROP_ID_1="30574" Page=" " Volume=" " abs_subdv_="A1369" addr_city="DEVINE" addr_line1=" " addr_line2="2614 CR 7711" addr_line3=" " addr_state="TX" block=" " city=" " county="GME" file_as_na="BARRERA MICHAEL GALEN &amp; ETHELYN WILBER" geo_id="0A1369-01359-00000-30574" hood_cd="SDE" imprv_val="76570.0" land_val="50000.0" legal_acre="5.0" legal_de_1=" " legal_de_2=" " legal_desc="A1369 A. CLARK SURVEY 1359; 5.0 ACRES" map_id="R21-P10" market="126570.0" next_appra="None" owner_tax_="2021" prop_id_12="30574" school="SDE" situs_city="DEVINE" situs_num="2614" situs_st_1="CR 7711" situs_st_2=" " situs_stat="TX" situs_stre=" " situs_zip="78016" tract_or_l=" " zip="78016" />
    <Row Deed_Date="01/11/2006" Deed_Seq="0" Number="0" PROP_ID="51410" PROP_ID_1="51410" Page="530" Volume="611" abs_subdv_="A0482" addr_city="HONDO" addr_line1=" " addr_line2="PO BOX 100" addr_line3=" " addr_state="TX" block=" " city=" " county="GME" file_as_na="BENDELE FOHN W &amp; JANA E" geo_id="0A0482-00203-00000-51410" hood_cd="SHO" imprv_val="0.0" land_val="237810.0" legal_acre="61.53" legal_de_1=" " legal_de_2=" " legal_desc="A0482 F. HOFFMAN SURVEY 203; 61.53 ACRES" map_id="I12-P2.1" market="237810.0" next_appra="None" owner_tax_="2021" prop_id_12="51410" school="SHO" situs_city=" " situs_num=" " situs_st_1="HONDO ELSTONE RD" situs_st_2=" " situs_stat=" " situs_stre=" " situs_zip=" " tract_or_l=" " zip="78861" />
    <Row Deed_Date="04/03/2018" Deed_Seq="0" Number="2018002378" PROP_ID="4961" PROP_ID_1="4961" Page=" " Volume=" " abs_subdv_="A0482" addr_city="HONDO" addr_line1=" " addr_line2="210 COUNTY ROAD 532" addr_line3=" " addr_state="TX" block=" " city=" " county="GME" file_as_na="EVANS HALEY H &amp; DEE" geo_id="0A0482-00203-00000-04961" hood_cd="SHO" imprv_val="1230.0" land_val="134310.0" legal_acre="19.458" legal_de_1=" " legal_de_2=" " legal_desc="A0482 F. HOFFMAN SURVEY 203; 19.458 ACRES" map_id="I12-P2.1" market="135540.0" next_appra="None" owner_tax_="2021" prop_id_12="4961" school="SHO" situs_city=" " situs_num=" " situs_st_1="CR 532" situs_st_2=" " situs_stat=" " situs_stre=" " situs_zip=" " tract_or_l=" " zip="78861" />
    <Row Deed_Date="01/11/2006" Deed_Seq="0" Number="0" PROP_ID="5098" PROP_ID_1="5098" Page="1287" Volume="610" abs_subdv_="A0507" addr_city="HONDO" addr_line1=" " addr_line2="2050 HWY 90 E" addr_line3=" " addr_state="TX" block=" " city=" " county="GME" file_as_na="SCHOENFELD MARY LU" geo_id="0A0507-00191-00000-05098" hood_cd="SHO" imprv_val="0.0" land_val="250690.0" legal_acre="45.565" legal_de_1=" " legal_de_2=" " legal_desc="A0507 P. HEINEMAN SURVEY 191; TRACT 2; 45.565 ACRES" map_id="I10-P2" market="250690.0" next_appra="None" owner_tax_="2021" prop_id_12="5098" school="SHO" situs_city=" " situs_num=" " situs_st_1=" " situs_st_2=" " situs_stat=" " situs_stre=" " situs_zip=" " tract_or_l="2" zip="78861" />
    <Row Deed_Date="12/28/2009" Deed_Seq="0" Number="0" PROP_ID="4770" PROP_ID_1="4770" Page="1015" Volume="771" abs_subdv_="A0447" addr_city="HONDO" addr_line1="%MARK MATTHEWS" addr_line2="PO BOX 686" addr_line3=" " addr_state="TX" block=" " city=" " county="GME" file_as_na="CUERNO GRANDE LLC" geo_id="0A0447-00757-00000-04770" hood_cd="SHO" imprv_val="0.0" land_val="1160910.0" legal_acre="388.797" legal_de_1=" " legal_de_2=" " legal_desc="A0447 F. GLENNAN SURVEY 757; 388.797 ACRES" map_id="G16-P2" market="1160910.0" next_appra="None" owner_tax_="2021" prop_id_12="4770" school="SHO" situs_city=" " situs_num=" " situs_st_1="CR 633" situs_st_2=" " situs_stat=" " situs_stre=" " situs_zip=" " tract_or_l=" " zip="78861" />
    <Row Deed_Date="04/10/2006" Deed_Seq="0" Number="0" PROP_ID="4769" PROP_ID_1="4769" Page="640" Volume="620" abs_subdv_="A0447" addr_city="FISCHER" addr_line1=" " addr_line2="551 JOHN KNOX RD" addr_line3=" " addr_state="TX" block=" " city=" " county="GME" file_as_na="RMR CARPER'S CREEK LTD" geo_id="0A0447-00757-00000-04769" hood_cd="SHO" imprv_val="0.0" land_val="900860.0" legal_acre="286.502" legal_de_1=" " legal_de_2=" " legal_desc="A0447 F. GLENNAN SURVEY 757; 286.502 ACRES" map_id="G16-P1.1" market="900860.0" next_appra="None" owner_tax_="2021" prop_id_12="4769" school="SHO" situs_city=" " situs_num=" " situs_st_1="FM 2200 &amp; CR 531" situs_st_2=" " situs_stat=" " situs_stre=" " situs_zip=" " tract_or_l=" " zip="78623" />
    <Row Deed_Date="05/06/2020" Deed_Seq="0" Number="2020003676" PROP_ID="12415" PROP_ID_1="12415" Page=" " Volume=" " abs_subdv_="A1760" addr_city="HOUSTON" addr_line1=" " addr_line2="3733 WESTHEIMER RD STE 1" addr_line3=" " addr_state="TX" block=" " city=" " county="GME" file_as_na="RANDALL EDWARD III &amp; ELLEN B" geo_id="0A1760-00050-00000-12415" hood_cd="SDH" imprv_val="0.0" land_val="772030.0" legal_acre="308.81" legal_de_1=" " legal_de_2=" " legal_desc="A1760 A. ALLEN SURVEY 50; 308.81 ACRES" map_id="E17-P2" market="772030.0" next_appra="None" owner_tax_="2021" prop_id_12="12415" school="SDH" situs_city=" " situs_num=" " situs_st_1="CR 621 ESM" situs_st_2=" " situs_stat=" " situs_stre=" " situs_zip=" " tract_or_l=" " zip="77027" />
    <Row Deed_Date=" " Deed_Seq="0" Number=" " PROP_ID="6930" PROP_ID_1="6930" Page=" " Volume=" " abs_subdv_="A0712" addr_city="SAN ANTONIO" addr_line1=" " addr_line2="770 W SOUTHCROSS BLVD" addr_line3=" " addr_state="TX" block=" " city=" " county="GME" file_as_na="RODRIGUEZ JOSE &amp; ELENA" geo_id="0A0712-00008-00000-06930" hood_cd="SDE" imprv_val="3290.0" land_val="103250.0" legal_acre="17.5" legal_de_1=" " legal_de_2=" " legal_desc="A0712 A. NORTHINGTON SURVEY 8; 17.5 ACRES" map_id="M15-P47" market="106540.0" next_appra="None" owner_tax_="2021" prop_id_12="6930" school="SDE" situs_city=" " situs_num=" " situs_st_1="HWY 173" situs_st_2=" " situs_stat=" " situs_stre=" " situs_zip=" " tract_or_l=" " zip="78211" />
    <Row Deed_Date="09/30/2005" Deed_Seq="0" Number="0" PROP_ID="6892" PROP_ID_1="6892" Page="1151" Volume="596" abs_subdv_="A0712" addr_city="SAN ANTONIO" addr_line1=" " addr_line2="103 SAN PABLO" addr_line3=" " addr_state="TX" block=" " city=" " county="GME" file_as_na="MARES RAMON" geo_id="0A0712-00008-00000-06892" hood_cd="SDE" imprv_val="6020.0" land_val="290820.0" legal_acre="42.2162" legal_de_1=" " legal_de_2=" " legal_desc="A0712 A. NORTHINGTON SURVEY 8; 42.2162 ACRES" map_id="M15-P17.1" market="296840.0" next_appra="None" owner_tax_="2021" prop_id_12="6892" school="SDE" situs_city=" " situs_num=" " situs_st_1="HWY 173" situs_st_2=" " situs_stat=" " situs_stre=" " situs_zip=" " tract_or_l=" " zip="78237" />
  </Data>
</SourceTargetMatrix>