<?xml version="1.0" encoding="UTF-8"?>
<metadata>
<idinfo>
<citation>
<citeinfo>
<title>stratmap21_landparcels_48325_medina</title>
<geoform>vector digital data</geoform>
</citeinfo>
</citation>
<descript>
<abstract>Date acquired by TNRIS: January 2021</abstract>
<purpose>This dataset was acquired from Medina County Appraisal District's (CAD) vendor BIS Consulting for distribution in the TNRIS DataHub as part of the annually updated statewide land parcel program.  Visit the website for current details, program progress, and FAQs https://tnris.org/stratmap/land-parcels/

TNRIS Compiled existing parcel data and transformed it into a common schema via translation tools for ease of use statewide.  When applicable, some fields were concatenated or calculated.  Null or empty values denote absence of data in the provided request.  Geometry was not edited nor will be in the future by TNRIS.  Please contact the CAD or their vendor for more information that is outside of the scope of this dataset or program.

The enclosed csv/xml file documents data mappings used in the conversion from the source data into the common schema.  This denotes the source field names that were translated into the common schema fields.

Field descriptions are taken from industry standards and supplemented by TNRIS.
</purpose>
</descript>
<keywords>
<theme>
<themekt>None</themekt>
<themekey>Parcel</themekey>
<themekey>Medina County</themekey>
</theme>
</keywords>
<accconst>None</accconst>
<useconst>TNRIS takes no responsibility for the spatial accuracy, completeness, or currency of the data.  The dataset may not be survey grade and should not be utilized as such.</useconst>
<datacred>Medina CAD via: https://www.medinacad.org/</datacred>
<native>Esri ArcGIS 12.7.0.26828</native>
</idinfo>
<spdoinfo>
<direct>Vector</direct>
<ptvctinf>
<sdtsterm>
<sdtstype>GT-polygon composed of chains</sdtstype>
<ptvctcnt>0</ptvctcnt>
</sdtsterm>
</ptvctinf>
</spdoinfo>
<eainfo>
<detailed>
<enttyp>
<enttypl>stratmap21_landparcels_48325_medina</enttypl>
</enttyp>
<attr>
<attrlabl>OBJECTID</attrlabl>
<attrdef>Internal feature number.</attrdef>
<attrdefs>Esri</attrdefs>
<attrdomv>
<udom>Sequential unique whole numbers that are automatically generated.</udom>
</attrdomv>
</attr>
<attr>
<attrlabl>Shape</attrlabl>
<attrdef>Feature geometry.</attrdef>
<attrdefs>Esri</attrdefs>
<attrdomv>
<udom>Coordinates defining the features.</udom>
</attrdomv>
</attr>
<attr>
<attrlabl>PROP_ID</attrlabl>
</attr>
<attr>
<attrlabl>GEO_ID</attrlabl>
</attr>
<attr>
<attrlabl>OWNER_NAME</attrlabl>
</attr>
<attr>
<attrlabl>NAME_CARE</attrlabl>
</attr>
<attr>
<attrlabl>LEGAL_AREA</attrlabl>
</attr>
<attr>
<attrlabl>LGL_AREA_UNIT</attrlabl>
</attr>
<attr>
<attrlabl>GIS_AREA</attrlabl>
</attr>
<attr>
<attrlabl>GIS_AREA_UNIT</attrlabl>
</attr>
<attr>
<attrlabl>LEGAL_DESC</attrlabl>
</attr>
<attr>
<attrlabl>STAT_LAND_USE</attrlabl>
</attr>
<attr>
<attrlabl>LOC_LAND_USE</attrlabl>
</attr>
<attr>
<attrlabl>LAND_VALUE</attrlabl>
</attr>
<attr>
<attrlabl>IMP_VALUE</attrlabl>
</attr>
<attr>
<attrlabl>MKT_VALUE</attrlabl>
</attr>
<attr>
<attrlabl>SITUS_ADDR</attrlabl>
</attr>
<attr>
<attrlabl>SITUS_NUM</attrlabl>
</attr>
<attr>
<attrlabl>SITUS_STRE</attrlabl>
</attr>
<attr>
<attrlabl>SITUS_ST_1</attrlabl>
</attr>
<attr>
<attrlabl>SITUS_ST_2</attrlabl>
</attr>
<attr>
<attrlabl>SITUS_CITY</attrlabl>
</attr>
<attr>
<attrlabl>SITUS_STAT</attrlabl>
</attr>
<attr>
<attrlabl>SITUS_ZIP</attrlabl>
</attr>
<attr>
<attrlabl>MAIL_ADDR</attrlabl>
</attr>
<attr>
<attrlabl>MAIL_LINE1</attrlabl>
</attr>
<attr>
<attrlabl>MAIL_LINE2</attrlabl>
</attr>
<attr>
<attrlabl>MAIL_CITY</attrlabl>
</attr>
<attr>
<attrlabl>MAIL_STAT</attrlabl>
</attr>
<attr>
<attrlabl>MAIL_ZIP</attrlabl>
</attr>
<attr>
<attrlabl>SOURCE</attrlabl>
</attr>
<attr>
<attrlabl>DATE_ACQ</attrlabl>
</attr>
<attr>
<attrlabl>FIPS</attrlabl>
</attr>
<attr>
<attrlabl>COUNTY</attrlabl>
</attr>
<attr>
<attrlabl>TAX_YEAR</attrlabl>
</attr>
<attr>
<attrlabl>YEAR_BUILT</attrlabl>
</attr>
<attr>
<attrlabl>Shape_Length</attrlabl>
<attrdef>Length of feature in internal units.</attrdef>
<attrdefs>Esri</attrdefs>
<attrdomv>
<udom>Positive real numbers that are automatically generated.</udom>
</attrdomv>
</attr>
<attr>
<attrlabl>Shape_Area</attrlabl>
<attrdef>Area of feature in internal units squared.</attrdef>
<attrdefs>Esri</attrdefs>
<attrdomv>
<udom>Positive real numbers that are automatically generated.</udom>
</attrdomv>
</attr>
</detailed>
</eainfo>
<metainfo>
<metd>20210322</metd>
<metstdn>FGDC Content Standard for Digital Geospatial Metadata</metstdn>
<metstdv>FGDC-STD-001-1998</metstdv>
<mettc>local time</mettc>
</metainfo>
</metadata>
