<metadata xml:lang="en"><Esri><CreaDate>20210322</CreaDate><CreaTime>10270800</CreaTime><ArcGISFormat>1.0</ArcGISFormat><SyncOnce>FALSE</SyncOnce><DataProperties><lineage><Process ToolSource="c:\users\lauren\appdata\local\programs\arcgis\pro\Resources\ArcToolbox\toolboxes\Data Management Tools.tbx\CreateFeatureclass" Date="20210322" Time="102708" Name="" export="">CreateFeatureclass D:\TNRIS\2021_LP_AP\Project\03_APRX\Medina\Medina.gdb TO_MEDINA Polygon # No Yes "PROJCS['WGS_1984_Web_Mercator_Auxiliary_Sphere',GEOGCS['GCS_WGS_1984',DATUM['D_WGS_1984',SPHEROID['WGS_1984',6378137.0,298.257223563]],PRIMEM['Greenwich',0.0],UNIT['Degree',0.0174532925199433]],PROJECTION['Mercator_Auxiliary_Sphere'],PARAMETER['False_Easting',0.0],PARAMETER['False_Northing',0.0],PARAMETER['Central_Meridian',0.0],PARAMETER['Standard_Parallel_1',0.0],PARAMETER['Auxiliary_Sphere_Type',0.0],UNIT['Meter',1.0]];-20037700 -30241100 10000;-100000 10000;-100000 10000;0.001;0.001;0.001;IsHighPrecision" # # # # #</Process><Process ToolSource="c:\users\lauren\appdata\local\programs\arcgis\pro\Resources\ArcToolbox\toolboxes\Data Management Tools.tbx\UpdateSchema" Date="20210322" Time="102709" Name="" export="">UpdateSchema D:\TNRIS\2021_LP_AP\Project\03_APRX\Medina\Medina.gdb\TO_MEDINA &lt;operationSequence&gt;&lt;workflow&gt;&lt;AddField&gt;&lt;field_name&gt;PROP_ID&lt;/field_name&gt;&lt;field_type&gt;TEXT&lt;/field_type&gt;&lt;field_alias&gt;PROP_ID&lt;/field_alias&gt;&lt;field_is_nullable&gt;TRUE&lt;/field_is_nullable&gt;&lt;field_length&gt;70&lt;/field_length&gt;&lt;/AddField&gt;&lt;/workflow&gt;&lt;workflow&gt;&lt;AddField&gt;&lt;field_name&gt;GEO_ID&lt;/field_name&gt;&lt;field_type&gt;TEXT&lt;/field_type&gt;&lt;field_alias&gt;GEO_ID&lt;/field_alias&gt;&lt;field_is_nullable&gt;TRUE&lt;/field_is_nullable&gt;&lt;field_length&gt;50&lt;/field_length&gt;&lt;/AddField&gt;&lt;/workflow&gt;&lt;workflow&gt;&lt;AddField&gt;&lt;field_name&gt;OWNER_NAME&lt;/field_name&gt;&lt;field_type&gt;TEXT&lt;/field_type&gt;&lt;field_alias&gt;OWNER_NAME&lt;/field_alias&gt;&lt;field_is_nullable&gt;TRUE&lt;/field_is_nullable&gt;&lt;field_length&gt;254&lt;/field_length&gt;&lt;/AddField&gt;&lt;/workflow&gt;&lt;workflow&gt;&lt;AddField&gt;&lt;field_name&gt;NAME_CARE&lt;/field_name&gt;&lt;field_type&gt;TEXT&lt;/field_type&gt;&lt;field_alias&gt;NAME_CARE&lt;/field_alias&gt;&lt;field_is_nullable&gt;TRUE&lt;/field_is_nullable&gt;&lt;field_length&gt;254&lt;/field_length&gt;&lt;/AddField&gt;&lt;/workflow&gt;&lt;workflow&gt;&lt;AddField&gt;&lt;field_name&gt;LEGAL_AREA&lt;/field_name&gt;&lt;field_type&gt;DOUBLE&lt;/field_type&gt;&lt;field_alias&gt;LEGAL_AREA&lt;/field_alias&gt;&lt;field_is_nullable&gt;TRUE&lt;/field_is_nullable&gt;&lt;field_length&gt;8&lt;/field_length&gt;&lt;/AddField&gt;&lt;/workflow&gt;&lt;workflow&gt;&lt;AddField&gt;&lt;field_name&gt;LGL_AREA_UNIT&lt;/field_name&gt;&lt;field_type&gt;TEXT&lt;/field_type&gt;&lt;field_alias&gt;LGL_AREA_UNIT&lt;/field_alias&gt;&lt;field_is_nullable&gt;TRUE&lt;/field_is_nullable&gt;&lt;field_length&gt;8&lt;/field_length&gt;&lt;/AddField&gt;&lt;/workflow&gt;&lt;workflow&gt;&lt;AddField&gt;&lt;field_name&gt;GIS_AREA&lt;/field_name&gt;&lt;field_type&gt;DOUBLE&lt;/field_type&gt;&lt;field_alias&gt;GIS_AREA&lt;/field_alias&gt;&lt;field_is_nullable&gt;TRUE&lt;/field_is_nullable&gt;&lt;field_length&gt;8&lt;/field_length&gt;&lt;/AddField&gt;&lt;/workflow&gt;&lt;workflow&gt;&lt;AddField&gt;&lt;field_name&gt;GIS_AREA_UNIT&lt;/field_name&gt;&lt;field_type&gt;TEXT&lt;/field_type&gt;&lt;field_alias&gt;GIS_AREA_UNIT&lt;/field_alias&gt;&lt;field_is_nullable&gt;TRUE&lt;/field_is_nullable&gt;&lt;field_length&gt;8&lt;/field_length&gt;&lt;/AddField&gt;&lt;/workflow&gt;&lt;workflow&gt;&lt;AddField&gt;&lt;field_name&gt;LEGAL_DESC&lt;/field_name&gt;&lt;field_type&gt;TEXT&lt;/field_type&gt;&lt;field_alias&gt;LEGAL_DESC&lt;/field_alias&gt;&lt;field_is_nullable&gt;TRUE&lt;/field_is_nullable&gt;&lt;field_length&gt;254&lt;/field_length&gt;&lt;/AddField&gt;&lt;/workflow&gt;&lt;workflow&gt;&lt;AddField&gt;&lt;field_name&gt;STAT_LAND_USE&lt;/field_name&gt;&lt;field_type&gt;TEXT&lt;/field_type&gt;&lt;field_alias&gt;STAT_LAND_USE&lt;/field_alias&gt;&lt;field_is_nullable&gt;TRUE&lt;/field_is_nullable&gt;&lt;field_length&gt;5&lt;/field_length&gt;&lt;/AddField&gt;&lt;/workflow&gt;&lt;workflow&gt;&lt;AddField&gt;&lt;field_name&gt;LOC_LAND_USE&lt;/field_name&gt;&lt;field_type&gt;TEXT&lt;/field_type&gt;&lt;field_alias&gt;LOC_LAND_USE&lt;/field_alias&gt;&lt;field_is_nullable&gt;TRUE&lt;/field_is_nullable&gt;&lt;field_length&gt;5&lt;/field_length&gt;&lt;/AddField&gt;&lt;/workflow&gt;&lt;workflow&gt;&lt;AddField&gt;&lt;field_name&gt;LAND_VALUE&lt;/field_name&gt;&lt;field_type&gt;DOUBLE&lt;/field_type&gt;&lt;field_alias&gt;LAND_VALUE&lt;/field_alias&gt;&lt;field_is_nullable&gt;TRUE&lt;/field_is_nullable&gt;&lt;field_length&gt;8&lt;/field_length&gt;&lt;/AddField&gt;&lt;/workflow&gt;&lt;workflow&gt;&lt;AddField&gt;&lt;field_name&gt;IMP_VALUE&lt;/field_name&gt;&lt;field_type&gt;DOUBLE&lt;/field_type&gt;&lt;field_alias&gt;IMP_VALUE&lt;/field_alias&gt;&lt;field_is_nullable&gt;TRUE&lt;/field_is_nullable&gt;&lt;field_length&gt;8&lt;/field_length&gt;&lt;/AddField&gt;&lt;/workflow&gt;&lt;workflow&gt;&lt;AddField&gt;&lt;field_name&gt;MKT_VALUE&lt;/field_name&gt;&lt;field_type&gt;DOUBLE&lt;/field_type&gt;&lt;field_alias&gt;MKT_VALUE&lt;/field_alias&gt;&lt;field_is_nullable&gt;TRUE&lt;/field_is_nullable&gt;&lt;field_length&gt;8&lt;/field_length&gt;&lt;/AddField&gt;&lt;/workflow&gt;&lt;workflow&gt;&lt;AddField&gt;&lt;field_name&gt;SITUS_ADDR&lt;/field_name&gt;&lt;field_type&gt;TEXT&lt;/field_type&gt;&lt;field_alias&gt;SITUS_ADDR&lt;/field_alias&gt;&lt;field_is_nullable&gt;TRUE&lt;/field_is_nullable&gt;&lt;field_length&gt;254&lt;/field_length&gt;&lt;/AddField&gt;&lt;/workflow&gt;&lt;workflow&gt;&lt;AddField&gt;&lt;field_name&gt;SITUS_NUM&lt;/field_name&gt;&lt;field_type&gt;TEXT&lt;/field_type&gt;&lt;field_alias&gt;SITUS_NUM&lt;/field_alias&gt;&lt;field_is_nullable&gt;TRUE&lt;/field_is_nullable&gt;&lt;field_length&gt;15&lt;/field_length&gt;&lt;/AddField&gt;&lt;/workflow&gt;&lt;workflow&gt;&lt;AddField&gt;&lt;field_name&gt;SITUS_STRE&lt;/field_name&gt;&lt;field_type&gt;TEXT&lt;/field_type&gt;&lt;field_alias&gt;SITUS_STRE&lt;/field_alias&gt;&lt;field_is_nullable&gt;TRUE&lt;/field_is_nullable&gt;&lt;field_length&gt;10&lt;/field_length&gt;&lt;/AddField&gt;&lt;/workflow&gt;&lt;workflow&gt;&lt;AddField&gt;&lt;field_name&gt;SITUS_ST_1&lt;/field_name&gt;&lt;field_type&gt;TEXT&lt;/field_type&gt;&lt;field_alias&gt;SITUS_ST_1&lt;/field_alias&gt;&lt;field_is_nullable&gt;TRUE&lt;/field_is_nullable&gt;&lt;field_length&gt;60&lt;/field_length&gt;&lt;/AddField&gt;&lt;/workflow&gt;&lt;workflow&gt;&lt;AddField&gt;&lt;field_name&gt;SITUS_ST_2&lt;/field_name&gt;&lt;field_type&gt;TEXT&lt;/field_type&gt;&lt;field_alias&gt;SITUS_ST_2&lt;/field_alias&gt;&lt;field_is_nullable&gt;TRUE&lt;/field_is_nullable&gt;&lt;field_length&gt;60&lt;/field_length&gt;&lt;/AddField&gt;&lt;/workflow&gt;&lt;workflow&gt;&lt;AddField&gt;&lt;field_name&gt;SITUS_CITY&lt;/field_name&gt;&lt;field_type&gt;TEXT&lt;/field_type&gt;&lt;field_alias&gt;SITUS_CITY&lt;/field_alias&gt;&lt;field_is_nullable&gt;TRUE&lt;/field_is_nullable&gt;&lt;field_length&gt;60&lt;/field_length&gt;&lt;/AddField&gt;&lt;/workflow&gt;&lt;workflow&gt;&lt;AddField&gt;&lt;field_name&gt;SITUS_STAT&lt;/field_name&gt;&lt;field_type&gt;TEXT&lt;/field_type&gt;&lt;field_alias&gt;SITUS_STAT&lt;/field_alias&gt;&lt;field_is_nullable&gt;TRUE&lt;/field_is_nullable&gt;&lt;field_length&gt;2&lt;/field_length&gt;&lt;/AddField&gt;&lt;/workflow&gt;&lt;workflow&gt;&lt;AddField&gt;&lt;field_name&gt;SITUS_ZIP&lt;/field_name&gt;&lt;field_type&gt;TEXT&lt;/field_type&gt;&lt;field_alias&gt;SITUS_ZIP&lt;/field_alias&gt;&lt;field_is_nullable&gt;TRUE&lt;/field_is_nullable&gt;&lt;field_length&gt;5&lt;/field_length&gt;&lt;/AddField&gt;&lt;/workflow&gt;&lt;workflow&gt;&lt;AddField&gt;&lt;field_name&gt;MAIL_ADDR&lt;/field_name&gt;&lt;field_type&gt;TEXT&lt;/field_type&gt;&lt;field_alias&gt;MAIL_ADDR&lt;/field_alias&gt;&lt;field_is_nullable&gt;TRUE&lt;/field_is_nullable&gt;&lt;field_length&gt;254&lt;/field_length&gt;&lt;/AddField&gt;&lt;/workflow&gt;&lt;workflow&gt;&lt;AddField&gt;&lt;field_name&gt;MAIL_LINE1&lt;/field_name&gt;&lt;field_type&gt;TEXT&lt;/field_type&gt;&lt;field_alias&gt;MAIL_LINE1&lt;/field_alias&gt;&lt;field_is_nullable&gt;TRUE&lt;/field_is_nullable&gt;&lt;field_length&gt;60&lt;/field_length&gt;&lt;/AddField&gt;&lt;/workflow&gt;&lt;workflow&gt;&lt;AddField&gt;&lt;field_name&gt;MAIL_LINE2&lt;/field_name&gt;&lt;field_type&gt;TEXT&lt;/field_type&gt;&lt;field_alias&gt;MAIL_LINE2&lt;/field_alias&gt;&lt;field_is_nullable&gt;TRUE&lt;/field_is_nullable&gt;&lt;field_length&gt;60&lt;/field_length&gt;&lt;/AddField&gt;&lt;/workflow&gt;&lt;workflow&gt;&lt;AddField&gt;&lt;field_name&gt;MAIL_CITY&lt;/field_name&gt;&lt;field_type&gt;TEXT&lt;/field_type&gt;&lt;field_alias&gt;MAIL_CITY&lt;/field_alias&gt;&lt;field_is_nullable&gt;TRUE&lt;/field_is_nullable&gt;&lt;field_length&gt;60&lt;/field_length&gt;&lt;/AddField&gt;&lt;/workflow&gt;&lt;workflow&gt;&lt;AddField&gt;&lt;field_name&gt;MAIL_STAT&lt;/field_name&gt;&lt;field_type&gt;TEXT&lt;/field_type&gt;&lt;field_alias&gt;MAIL_STAT&lt;/field_alias&gt;&lt;field_is_nullable&gt;TRUE&lt;/field_is_nullable&gt;&lt;field_length&gt;2&lt;/field_length&gt;&lt;/AddField&gt;&lt;/workflow&gt;&lt;workflow&gt;&lt;AddField&gt;&lt;field_name&gt;MAIL_ZIP&lt;/field_name&gt;&lt;field_type&gt;TEXT&lt;/field_type&gt;&lt;field_alias&gt;MAIL_ZIP&lt;/field_alias&gt;&lt;field_is_nullable&gt;TRUE&lt;/field_is_nullable&gt;&lt;field_length&gt;5&lt;/field_length&gt;&lt;/AddField&gt;&lt;/workflow&gt;&lt;workflow&gt;&lt;AddField&gt;&lt;field_name&gt;SOURCE&lt;/field_name&gt;&lt;field_type&gt;TEXT&lt;/field_type&gt;&lt;field_alias&gt;SOURCE&lt;/field_alias&gt;&lt;field_is_nullable&gt;TRUE&lt;/field_is_nullable&gt;&lt;field_length&gt;100&lt;/field_length&gt;&lt;/AddField&gt;&lt;/workflow&gt;&lt;workflow&gt;&lt;AddField&gt;&lt;field_name&gt;DATE_ACQ&lt;/field_name&gt;&lt;field_type&gt;Long&lt;/field_type&gt;&lt;field_alias&gt;DATE_ACQ&lt;/field_alias&gt;&lt;field_is_nullable&gt;TRUE&lt;/field_is_nullable&gt;&lt;field_length&gt;4&lt;/field_length&gt;&lt;/AddField&gt;&lt;/workflow&gt;&lt;workflow&gt;&lt;AddField&gt;&lt;field_name&gt;FIPS&lt;/field_name&gt;&lt;field_type&gt;TEXT&lt;/field_type&gt;&lt;field_alias&gt;FIPS&lt;/field_alias&gt;&lt;field_is_nullable&gt;TRUE&lt;/field_is_nullable&gt;&lt;field_length&gt;5&lt;/field_length&gt;&lt;/AddField&gt;&lt;/workflow&gt;&lt;workflow&gt;&lt;AddField&gt;&lt;field_name&gt;COUNTY&lt;/field_name&gt;&lt;field_type&gt;TEXT&lt;/field_type&gt;&lt;field_alias&gt;COUNTY&lt;/field_alias&gt;&lt;field_is_nullable&gt;TRUE&lt;/field_is_nullable&gt;&lt;field_length&gt;60&lt;/field_length&gt;&lt;/AddField&gt;&lt;/workflow&gt;&lt;workflow&gt;&lt;AddField&gt;&lt;field_name&gt;TAX_YEAR&lt;/field_name&gt;&lt;field_type&gt;Short&lt;/field_type&gt;&lt;field_alias&gt;TAX_YEAR&lt;/field_alias&gt;&lt;field_is_nullable&gt;TRUE&lt;/field_is_nullable&gt;&lt;field_length&gt;2&lt;/field_length&gt;&lt;/AddField&gt;&lt;/workflow&gt;&lt;workflow&gt;&lt;AddField&gt;&lt;field_name&gt;YEAR_BUILT&lt;/field_name&gt;&lt;field_type&gt;Short&lt;/field_type&gt;&lt;field_alias&gt;YEAR_BUILT&lt;/field_alias&gt;&lt;field_is_nullable&gt;TRUE&lt;/field_is_nullable&gt;&lt;field_length&gt;2&lt;/field_length&gt;&lt;/AddField&gt;&lt;/workflow&gt;&lt;/operationSequence&gt;</Process><Process ToolSource="c:\users\lauren\appdata\local\programs\arcgis\pro\Resources\ArcToolbox\toolboxes\Data Management Tools.tbx\UpdateSchema" Date="20210322" Time="102711" Name="" export="">UpdateSchema D:\TNRIS\2021_LP_AP\Project\03_APRX\Medina\Medina.gdb\TO_MEDINA &lt;operationSequence&gt;&lt;workflow&gt;&lt;AlterField&gt;&lt;field_name&gt;OBJECTID&lt;/field_name&gt;&lt;field_alias&gt;OBJECTID&lt;/field_alias&gt;&lt;/AlterField&gt;&lt;/workflow&gt;&lt;workflow&gt;&lt;AlterField&gt;&lt;field_name&gt;SHAPE&lt;/field_name&gt;&lt;field_alias&gt;SHAPE&lt;/field_alias&gt;&lt;/AlterField&gt;&lt;/workflow&gt;&lt;/operationSequence&gt;</Process><Process ToolSource="c:\users\lauren\appdata\local\programs\arcgis\pro\Resources\ArcToolbox\toolboxes\Data Management Tools.tbx\Append" Date="20210322" Time="103330" Name="" export="">Append TO_MEDINA_ViewAppend4SV D:\TNRIS\2021_LP_AP\Project\03_APRX\Medina\Medina.gdb\TO_MEDINA "Use the field map to reconcile field differences" "PROP_ID "PROP_ID" true true false 70 Text 0 0,First,#,TO_MEDINA_ViewAppend4SV,PROP_ID,-1,-1;GEO_ID "GEO_ID" true true false 50 Text 0 0,First,#,TO_MEDINA_ViewAppend4SV,GEO_ID,0,50;OWNER_NAME "OWNER_NAME" true true false 254 Text 0 0,First,#,TO_MEDINA_ViewAppend4SV,OWNER_NAME,0,255;NAME_CARE "NAME_CARE" true true false 254 Text 0 0,First,#,TO_MEDINA_ViewAppend4SV,NAME_CARE,0,255;LEGAL_AREA "LEGAL_AREA" true true false 8 Double 0 0,First,#,TO_MEDINA_ViewAppend4SV,LEGAL_AREA,-1,-1;LGL_AREA_UNIT "LGL_AREA_UNIT" true true false 8 Text 0 0,First,#,TO_MEDINA_ViewAppend4SV,LGL_AREA_UNIT,0,255;GIS_AREA "GIS_AREA" true true false 8 Double 0 0,First,#,TO_MEDINA_ViewAppend4SV,GIS_AREA,-1,-1;GIS_AREA_UNIT "GIS_AREA_UNIT" true true false 8 Text 0 0,First,#,TO_MEDINA_ViewAppend4SV,GIS_AREA_UNIT,0,255;LEGAL_DESC "LEGAL_DESC" true true false 254 Text 0 0,First,#,TO_MEDINA_ViewAppend4SV,LEGAL_DESC,0,254;STAT_LAND_USE "STAT_LAND_USE" true true false 5 Text 0 0,First,#,TO_MEDINA_ViewAppend4SV,STAT_LAND_USE,0,255;LOC_LAND_USE "LOC_LAND_USE" true true false 5 Text 0 0,First,#,TO_MEDINA_ViewAppend4SV,LOC_LAND_USE,0,255;LAND_VALUE "LAND_VALUE" true true false 8 Double 0 0,First,#,TO_MEDINA_ViewAppend4SV,LAND_VALUE,-1,-1;IMP_VALUE "IMP_VALUE" true true false 8 Double 0 0,First,#,TO_MEDINA_ViewAppend4SV,IMP_VALUE,-1,-1;MKT_VALUE "MKT_VALUE" true true false 8 Double 0 0,First,#,TO_MEDINA_ViewAppend4SV,MKT_VALUE,-1,-1;SITUS_ADDR "SITUS_ADDR" true true false 254 Text 0 0,First,#,TO_MEDINA_ViewAppend4SV,SITUS_ADDR,0,255;SITUS_NUM "SITUS_NUM" true true false 15 Text 0 0,First,#,TO_MEDINA_ViewAppend4SV,SITUS_NUM,0,15;SITUS_STRE "SITUS_STRE" true true false 10 Text 0 0,First,#,TO_MEDINA_ViewAppend4SV,SITUS_STRE,0,25;SITUS_ST_1 "SITUS_ST_1" true true false 60 Text 0 0,First,#,TO_MEDINA_ViewAppend4SV,SITUS_ST_1,0,50;SITUS_ST_2 "SITUS_ST_2" true true false 60 Text 0 0,First,#,TO_MEDINA_ViewAppend4SV,SITUS_ST_2,0,25;SITUS_CITY "SITUS_CITY" true true false 60 Text 0 0,First,#,TO_MEDINA_ViewAppend4SV,SITUS_CITY,0,30;SITUS_STAT "SITUS_STAT" true true false 2 Text 0 0,First,#,TO_MEDINA_ViewAppend4SV,SITUS_STAT,0,15;SITUS_ZIP "SITUS_ZIP" true true false 5 Text 0 0,First,#,TO_MEDINA_ViewAppend4SV,SITUS_ZIP,0,10;MAIL_ADDR "MAIL_ADDR" true true false 254 Text 0 0,First,#,TO_MEDINA_ViewAppend4SV,MAIL_ADDR,0,255;MAIL_LINE1 "MAIL_LINE1" true true false 60 Text 0 0,First,#,TO_MEDINA_ViewAppend4SV,MAIL_LINE1,0,255;MAIL_LINE2 "MAIL_LINE2" true true false 60 Text 0 0,First,#,TO_MEDINA_ViewAppend4SV,MAIL_LINE2,0,255;MAIL_CITY "MAIL_CITY" true true false 60 Text 0 0,First,#,TO_MEDINA_ViewAppend4SV,MAIL_CITY,0,255;MAIL_STAT "MAIL_STAT" true true false 2 Text 0 0,First,#,TO_MEDINA_ViewAppend4SV,MAIL_STAT,0,255;MAIL_ZIP "MAIL_ZIP" true true false 5 Text 0 0,First,#,TO_MEDINA_ViewAppend4SV,MAIL_ZIP,0,255;SOURCE "SOURCE" true true false 100 Text 0 0,First,#,TO_MEDINA_ViewAppend4SV,SOURCE,0,255;DATE_ACQ "DATE_ACQ" true true false 4 Long 0 0,First,#,TO_MEDINA_ViewAppend4SV,DATE_ACQ,-1,-1;FIPS "FIPS" true true false 5 Text 0 0,First,#,TO_MEDINA_ViewAppend4SV,FIPS,0,255;COUNTY "COUNTY" true true false 60 Text 0 0,First,#,TO_MEDINA_ViewAppend4SV,COUNTY,0,10;TAX_YEAR "TAX_YEAR" true true false 2 Short 0 0,First,#,TO_MEDINA_ViewAppend4SV,TAX_YEAR,-1,-1;YEAR_BUILT "YEAR_BUILT" true true false 2 Short 0 0,First,#,TO_MEDINA_ViewAppend4SV,YEAR_BUILT,-1,-1" # #</Process><Process ToolSource="c:\users\lauren\appdata\local\programs\arcgis\pro\Resources\ArcToolbox\toolboxes\Data Management Tools.tbx\CalculateGeometryAttributes" Date="20210322" Time="103404" Name="" export="">CalculateGeometryAttributes TO_MEDINA "GIS_AREA AREA_GEODESIC" # Acres PROJCS['WGS_1984_Web_Mercator_Auxiliary_Sphere',GEOGCS['GCS_WGS_1984',DATUM['D_WGS_1984',SPHEROID['WGS_1984',6378137.0,298.257223563]],PRIMEM['Greenwich',0.0],UNIT['Degree',0.0174532925199433]],PROJECTION['Mercator_Auxiliary_Sphere'],PARAMETER['False_Easting',0.0],PARAMETER['False_Northing',0.0],PARAMETER['Central_Meridian',0.0],PARAMETER['Standard_Parallel_1',0.0],PARAMETER['Auxiliary_Sphere_Type',0.0],UNIT['Meter',1.0]] "Same as input"</Process><Process ToolSource="c:\users\lauren\appdata\local\programs\arcgis\pro\Resources\ArcToolbox\toolboxes\Conversion Tools.tbx\FeatureClassToFeatureClass" Date="20210322" Time="103615" Name="" export="">FeatureClassToFeatureClass TO_MEDINA D:\TNRIS\2021_LP_AP\Project\04_Final\BIS\fgdb\stratmap21-landparcels_48325_medina.gdb stratmap21_landparcels_48325_medina # "Shape_Length "Shape_Length" false true true 8 Double 0 0,First,#,TO_MEDINA,Shape_Length,-1,-1;Shape_Area "Shape_Area" false true true 8 Double 0 0,First,#,TO_MEDINA,Shape_Area,-1,-1;PROP_ID "PROP_ID" true true false 70 Text 0 0,First,#,TO_MEDINA,PROP_ID,0,70;GEO_ID "GEO_ID" true true false 50 Text 0 0,First,#,TO_MEDINA,GEO_ID,0,50;OWNER_NAME "OWNER_NAME" true true false 254 Text 0 0,First,#,TO_MEDINA,OWNER_NAME,0,254;NAME_CARE "NAME_CARE" true true false 254 Text 0 0,First,#,TO_MEDINA,NAME_CARE,0,254;LEGAL_AREA "LEGAL_AREA" true true false 8 Double 0 0,First,#,TO_MEDINA,LEGAL_AREA,-1,-1;LGL_AREA_UNIT "LGL_AREA_UNIT" true true false 8 Text 0 0,First,#,TO_MEDINA,LGL_AREA_UNIT,0,8;GIS_AREA "GIS_AREA" true true false 8 Double 0 0,First,#,TO_MEDINA,GIS_AREA,-1,-1;GIS_AREA_UNIT "GIS_AREA_UNIT" true true false 8 Text 0 0,First,#,TO_MEDINA,GIS_AREA_UNIT,0,8;LEGAL_DESC "LEGAL_DESC" true true false 254 Text 0 0,First,#,TO_MEDINA,LEGAL_DESC,0,254;STAT_LAND_USE "STAT_LAND_USE" true true false 5 Text 0 0,First,#,TO_MEDINA,STAT_LAND_USE,0,5;LOC_LAND_USE "LOC_LAND_USE" true true false 5 Text 0 0,First,#,TO_MEDINA,LOC_LAND_USE,0,5;LAND_VALUE "LAND_VALUE" true true false 8 Double 0 0,First,#,TO_MEDINA,LAND_VALUE,-1,-1;IMP_VALUE "IMP_VALUE" true true false 8 Double 0 0,First,#,TO_MEDINA,IMP_VALUE,-1,-1;MKT_VALUE "MKT_VALUE" true true false 8 Double 0 0,First,#,TO_MEDINA,MKT_VALUE,-1,-1;SITUS_ADDR "SITUS_ADDR" true true false 254 Text 0 0,First,#,TO_MEDINA,SITUS_ADDR,0,254;SITUS_NUM "SITUS_NUM" true true false 15 Text 0 0,First,#,TO_MEDINA,SITUS_NUM,0,15;SITUS_STRE "SITUS_STRE" true true false 10 Text 0 0,First,#,TO_MEDINA,SITUS_STRE,0,10;SITUS_ST_1 "SITUS_ST_1" true true false 60 Text 0 0,First,#,TO_MEDINA,SITUS_ST_1,0,60;SITUS_ST_2 "SITUS_ST_2" true true false 60 Text 0 0,First,#,TO_MEDINA,SITUS_ST_2,0,60;SITUS_CITY "SITUS_CITY" true true false 60 Text 0 0,First,#,TO_MEDINA,SITUS_CITY,0,60;SITUS_STAT "SITUS_STAT" true true false 2 Text 0 0,First,#,TO_MEDINA,SITUS_STAT,0,2;SITUS_ZIP "SITUS_ZIP" true true false 5 Text 0 0,First,#,TO_MEDINA,SITUS_ZIP,0,5;MAIL_ADDR "MAIL_ADDR" true true false 254 Text 0 0,First,#,TO_MEDINA,MAIL_ADDR,0,254;MAIL_LINE1 "MAIL_LINE1" true true false 60 Text 0 0,First,#,TO_MEDINA,MAIL_LINE1,0,60;MAIL_LINE2 "MAIL_LINE2" true true false 60 Text 0 0,First,#,TO_MEDINA,MAIL_LINE2,0,60;MAIL_CITY "MAIL_CITY" true true false 60 Text 0 0,First,#,TO_MEDINA,MAIL_CITY,0,60;MAIL_STAT "MAIL_STAT" true true false 2 Text 0 0,First,#,TO_MEDINA,MAIL_STAT,0,2;MAIL_ZIP "MAIL_ZIP" true true false 5 Text 0 0,First,#,TO_MEDINA,MAIL_ZIP,0,5;SOURCE "SOURCE" true true false 100 Text 0 0,First,#,TO_MEDINA,SOURCE,0,100;DATE_ACQ "DATE_ACQ" true true false 4 Long 0 0,First,#,TO_MEDINA,DATE_ACQ,-1,-1;FIPS "FIPS" true true false 5 Text 0 0,First,#,TO_MEDINA,FIPS,0,5;COUNTY "COUNTY" true true false 60 Text 0 0,First,#,TO_MEDINA,COUNTY,0,60;TAX_YEAR "TAX_YEAR" true true false 2 Short 0 0,First,#,TO_MEDINA,TAX_YEAR,-1,-1;YEAR_BUILT "YEAR_BUILT" true true false 2 Short 0 0,First,#,TO_MEDINA,YEAR_BUILT,-1,-1" #</Process><Process ToolSource="c:\users\lauren\appdata\local\programs\arcgis\pro\Resources\ArcToolbox\toolboxes\Conversion Tools.tbx\FeatureClassToFeatureClass" Date="20210322" Time="103816">FeatureClassToFeatureClass D:\TNRIS\2021_LP_AP\Project\04_Final\BIS\fgdb\stratmap21-landparcels_48325_medina.gdb\stratmap21_landparcels_48325_medina D:\TNRIS\2021_LP_AP\Project\04_Final\BIS\shp stratmap21-landparcels_48325_medina_202101.shp # "PROP_ID "PROP_ID" true true false 70 Text 0 0,First,#,D:\TNRIS\2021_LP_AP\Project\04_Final\BIS\fgdb\stratmap21-landparcels_48325_medina.gdb\stratmap21_landparcels_48325_medina,PROP_ID,0,70;GEO_ID "GEO_ID" true true false 50 Text 0 0,First,#,D:\TNRIS\2021_LP_AP\Project\04_Final\BIS\fgdb\stratmap21-landparcels_48325_medina.gdb\stratmap21_landparcels_48325_medina,GEO_ID,0,50;OWNER_NAME "OWNER_NAME" true true false 254 Text 0 0,First,#,D:\TNRIS\2021_LP_AP\Project\04_Final\BIS\fgdb\stratmap21-landparcels_48325_medina.gdb\stratmap21_landparcels_48325_medina,OWNER_NAME,0,254;NAME_CARE "NAME_CARE" true true false 254 Text 0 0,First,#,D:\TNRIS\2021_LP_AP\Project\04_Final\BIS\fgdb\stratmap21-landparcels_48325_medina.gdb\stratmap21_landparcels_48325_medina,NAME_CARE,0,254;LEGAL_AREA "LEGAL_AREA" true true false 8 Double 0 0,First,#,D:\TNRIS\2021_LP_AP\Project\04_Final\BIS\fgdb\stratmap21-landparcels_48325_medina.gdb\stratmap21_landparcels_48325_medina,LEGAL_AREA,-1,-1;LGL_AREA_UNIT "LGL_AREA_UNIT" true true false 8 Text 0 0,First,#,D:\TNRIS\2021_LP_AP\Project\04_Final\BIS\fgdb\stratmap21-landparcels_48325_medina.gdb\stratmap21_landparcels_48325_medina,LGL_AREA_UNIT,0,8;GIS_AREA "GIS_AREA" true true false 8 Double 0 0,First,#,D:\TNRIS\2021_LP_AP\Project\04_Final\BIS\fgdb\stratmap21-landparcels_48325_medina.gdb\stratmap21_landparcels_48325_medina,GIS_AREA,-1,-1;GIS_AREA_UNIT "GIS_AREA_UNIT" true true false 8 Text 0 0,First,#,D:\TNRIS\2021_LP_AP\Project\04_Final\BIS\fgdb\stratmap21-landparcels_48325_medina.gdb\stratmap21_landparcels_48325_medina,GIS_AREA_UNIT,0,8;LEGAL_DESC "LEGAL_DESC" true true false 254 Text 0 0,First,#,D:\TNRIS\2021_LP_AP\Project\04_Final\BIS\fgdb\stratmap21-landparcels_48325_medina.gdb\stratmap21_landparcels_48325_medina,LEGAL_DESC,0,254;STAT_LAND_USE "STAT_LAND_USE" true true false 5 Text 0 0,First,#,D:\TNRIS\2021_LP_AP\Project\04_Final\BIS\fgdb\stratmap21-landparcels_48325_medina.gdb\stratmap21_landparcels_48325_medina,STAT_LAND_USE,0,5;LOC_LAND_USE "LOC_LAND_USE" true true false 5 Text 0 0,First,#,D:\TNRIS\2021_LP_AP\Project\04_Final\BIS\fgdb\stratmap21-landparcels_48325_medina.gdb\stratmap21_landparcels_48325_medina,LOC_LAND_USE,0,5;LAND_VALUE "LAND_VALUE" true true false 8 Double 0 0,First,#,D:\TNRIS\2021_LP_AP\Project\04_Final\BIS\fgdb\stratmap21-landparcels_48325_medina.gdb\stratmap21_landparcels_48325_medina,LAND_VALUE,-1,-1;IMP_VALUE "IMP_VALUE" true true false 8 Double 0 0,First,#,D:\TNRIS\2021_LP_AP\Project\04_Final\BIS\fgdb\stratmap21-landparcels_48325_medina.gdb\stratmap21_landparcels_48325_medina,IMP_VALUE,-1,-1;MKT_VALUE "MKT_VALUE" true true false 8 Double 0 0,First,#,D:\TNRIS\2021_LP_AP\Project\04_Final\BIS\fgdb\stratmap21-landparcels_48325_medina.gdb\stratmap21_landparcels_48325_medina,MKT_VALUE,-1,-1;SITUS_ADDR "SITUS_ADDR" true true false 254 Text 0 0,First,#,D:\TNRIS\2021_LP_AP\Project\04_Final\BIS\fgdb\stratmap21-landparcels_48325_medina.gdb\stratmap21_landparcels_48325_medina,SITUS_ADDR,0,254;SITUS_NUM "SITUS_NUM" true true false 15 Text 0 0,First,#,D:\TNRIS\2021_LP_AP\Project\04_Final\BIS\fgdb\stratmap21-landparcels_48325_medina.gdb\stratmap21_landparcels_48325_medina,SITUS_NUM,0,15;SITUS_STRE "SITUS_STRE" true true false 10 Text 0 0,First,#,D:\TNRIS\2021_LP_AP\Project\04_Final\BIS\fgdb\stratmap21-landparcels_48325_medina.gdb\stratmap21_landparcels_48325_medina,SITUS_STRE,0,10;SITUS_ST_1 "SITUS_ST_1" true true false 60 Text 0 0,First,#,D:\TNRIS\2021_LP_AP\Project\04_Final\BIS\fgdb\stratmap21-landparcels_48325_medina.gdb\stratmap21_landparcels_48325_medina,SITUS_ST_1,0,60;SITUS_ST_2 "SITUS_ST_2" true true false 60 Text 0 0,First,#,D:\TNRIS\2021_LP_AP\Project\04_Final\BIS\fgdb\stratmap21-landparcels_48325_medina.gdb\stratmap21_landparcels_48325_medina,SITUS_ST_2,0,60;SITUS_CITY "SITUS_CITY" true true false 60 Text 0 0,First,#,D:\TNRIS\2021_LP_AP\Project\04_Final\BIS\fgdb\stratmap21-landparcels_48325_medina.gdb\stratmap21_landparcels_48325_medina,SITUS_CITY,0,60;SITUS_STAT "SITUS_STAT" true true false 2 Text 0 0,First,#,D:\TNRIS\2021_LP_AP\Project\04_Final\BIS\fgdb\stratmap21-landparcels_48325_medina.gdb\stratmap21_landparcels_48325_medina,SITUS_STAT,0,2;SITUS_ZIP "SITUS_ZIP" true true false 5 Text 0 0,First,#,D:\TNRIS\2021_LP_AP\Project\04_Final\BIS\fgdb\stratmap21-landparcels_48325_medina.gdb\stratmap21_landparcels_48325_medina,SITUS_ZIP,0,5;MAIL_ADDR "MAIL_ADDR" true true false 254 Text 0 0,First,#,D:\TNRIS\2021_LP_AP\Project\04_Final\BIS\fgdb\stratmap21-landparcels_48325_medina.gdb\stratmap21_landparcels_48325_medina,MAIL_ADDR,0,254;MAIL_LINE1 "MAIL_LINE1" true true false 60 Text 0 0,First,#,D:\TNRIS\2021_LP_AP\Project\04_Final\BIS\fgdb\stratmap21-landparcels_48325_medina.gdb\stratmap21_landparcels_48325_medina,MAIL_LINE1,0,60;MAIL_LINE2 "MAIL_LINE2" true true false 60 Text 0 0,First,#,D:\TNRIS\2021_LP_AP\Project\04_Final\BIS\fgdb\stratmap21-landparcels_48325_medina.gdb\stratmap21_landparcels_48325_medina,MAIL_LINE2,0,60;MAIL_CITY "MAIL_CITY" true true false 60 Text 0 0,First,#,D:\TNRIS\2021_LP_AP\Project\04_Final\BIS\fgdb\stratmap21-landparcels_48325_medina.gdb\stratmap21_landparcels_48325_medina,MAIL_CITY,0,60;MAIL_STAT "MAIL_STAT" true true false 2 Text 0 0,First,#,D:\TNRIS\2021_LP_AP\Project\04_Final\BIS\fgdb\stratmap21-landparcels_48325_medina.gdb\stratmap21_landparcels_48325_medina,MAIL_STAT,0,2;MAIL_ZIP "MAIL_ZIP" true true false 5 Text 0 0,First,#,D:\TNRIS\2021_LP_AP\Project\04_Final\BIS\fgdb\stratmap21-landparcels_48325_medina.gdb\stratmap21_landparcels_48325_medina,MAIL_ZIP,0,5;SOURCE "SOURCE" true true false 100 Text 0 0,First,#,D:\TNRIS\2021_LP_AP\Project\04_Final\BIS\fgdb\stratmap21-landparcels_48325_medina.gdb\stratmap21_landparcels_48325_medina,SOURCE,0,100;DATE_ACQ "DATE_ACQ" true true false 4 Long 0 0,First,#,D:\TNRIS\2021_LP_AP\Project\04_Final\BIS\fgdb\stratmap21-landparcels_48325_medina.gdb\stratmap21_landparcels_48325_medina,DATE_ACQ,-1,-1;FIPS "FIPS" true true false 5 Text 0 0,First,#,D:\TNRIS\2021_LP_AP\Project\04_Final\BIS\fgdb\stratmap21-landparcels_48325_medina.gdb\stratmap21_landparcels_48325_medina,FIPS,0,5;COUNTY "COUNTY" true true false 60 Text 0 0,First,#,D:\TNRIS\2021_LP_AP\Project\04_Final\BIS\fgdb\stratmap21-landparcels_48325_medina.gdb\stratmap21_landparcels_48325_medina,COUNTY,0,60;TAX_YEAR "TAX_YEAR" true true false 2 Short 0 0,First,#,D:\TNRIS\2021_LP_AP\Project\04_Final\BIS\fgdb\stratmap21-landparcels_48325_medina.gdb\stratmap21_landparcels_48325_medina,TAX_YEAR,-1,-1;YEAR_BUILT "YEAR_BUILT" true true false 2 Short 0 0,First,#,D:\TNRIS\2021_LP_AP\Project\04_Final\BIS\fgdb\stratmap21-landparcels_48325_medina.gdb\stratmap21_landparcels_48325_medina,YEAR_BUILT,-1,-1;Shape_Length "Shape_Length" false true true 8 Double 0 0,First,#,D:\TNRIS\2021_LP_AP\Project\04_Final\BIS\fgdb\stratmap21-landparcels_48325_medina.gdb\stratmap21_landparcels_48325_medina,Shape_Length,-1,-1;Shape_Area "Shape_Area" false true true 8 Double 0 0,First,#,D:\TNRIS\2021_LP_AP\Project\04_Final\BIS\fgdb\stratmap21-landparcels_48325_medina.gdb\stratmap21_landparcels_48325_medina,Shape_Area,-1,-1" #</Process></lineage><itemProps><itemName Sync="TRUE">stratmap21-landparcels_48325_medina_202101</itemName><imsContentType Sync="TRUE">002</imsContentType><itemLocation><linkage Sync="TRUE">file://\\DESKTOP-AR3JEUD\D$\TNRIS\2021_LP_AP\Project\04_Final\BIS\shp\stratmap21-landparcels_48325_medina_202101.shp</linkage><protocol Sync="TRUE">Local Area Network</protocol></itemLocation><itemSize Sync="TRUE">0.000</itemSize></itemProps><coordRef><type Sync="TRUE">Projected</type><geogcsn Sync="TRUE">GCS_WGS_1984</geogcsn><csUnits Sync="TRUE">Linear Unit: Meter (1.000000)</csUnits><projcsn Sync="TRUE">WGS_1984_Web_Mercator_Auxiliary_Sphere</projcsn><peXml Sync="TRUE">&lt;ProjectedCoordinateSystem xsi:type='typens:ProjectedCoordinateSystem' xmlns:xsi='http://www.w3.org/2001/XMLSchema-instance' xmlns:xs='http://www.w3.org/2001/XMLSchema' xmlns:typens='http://www.esri.com/schemas/ArcGIS/2.7.0'&gt;&lt;WKT&gt;PROJCS[&amp;quot;WGS_1984_Web_Mercator_Auxiliary_Sphere&amp;quot;,GEOGCS[&amp;quot;GCS_WGS_1984&amp;quot;,DATUM[&amp;quot;D_WGS_1984&amp;quot;,SPHEROID[&amp;quot;WGS_1984&amp;quot;,6378137.0,298.257223563]],PRIMEM[&amp;quot;Greenwich&amp;quot;,0.0],UNIT[&amp;quot;Degree&amp;quot;,0.0174532925199433]],PROJECTION[&amp;quot;Mercator_Auxiliary_Sphere&amp;quot;],PARAMETER[&amp;quot;False_Easting&amp;quot;,0.0],PARAMETER[&amp;quot;False_Northing&amp;quot;,0.0],PARAMETER[&amp;quot;Central_Meridian&amp;quot;,0.0],PARAMETER[&amp;quot;Standard_Parallel_1&amp;quot;,0.0],PARAMETER[&amp;quot;Auxiliary_Sphere_Type&amp;quot;,0.0],UNIT[&amp;quot;Meter&amp;quot;,1.0],AUTHORITY[&amp;quot;EPSG&amp;quot;,3857]]&lt;/WKT&gt;&lt;XOrigin&gt;-20037700&lt;/XOrigin&gt;&lt;YOrigin&gt;-30241100&lt;/YOrigin&gt;&lt;XYScale&gt;148923141.92838538&lt;/XYScale&gt;&lt;ZOrigin&gt;-100000&lt;/ZOrigin&gt;&lt;ZScale&gt;10000&lt;/ZScale&gt;&lt;MOrigin&gt;-100000&lt;/MOrigin&gt;&lt;MScale&gt;10000&lt;/MScale&gt;&lt;XYTolerance&gt;0.001&lt;/XYTolerance&gt;&lt;ZTolerance&gt;0.001&lt;/ZTolerance&gt;&lt;MTolerance&gt;0.001&lt;/MTolerance&gt;&lt;HighPrecision&gt;true&lt;/HighPrecision&gt;&lt;WKID&gt;102100&lt;/WKID&gt;&lt;LatestWKID&gt;3857&lt;/LatestWKID&gt;&lt;/ProjectedCoordinateSystem&gt;</peXml></coordRef></DataProperties><SyncDate>20210322</SyncDate><SyncTime>10380700</SyncTime><ModDate>20210322</ModDate><ModTime>10380700</ModTime><scaleRange><minScale>150000000</minScale><maxScale>5000</maxScale></scaleRange><ArcGISProfile>ItemDescription</ArcGISProfile></Esri><dataIdInfo><envirDesc Sync="TRUE">Microsoft Windows 10 Version 10.0 (Build 19041) ; Esri ArcGIS 12.7.0.26828</envirDesc><dataLang><languageCode value="eng" Sync="TRUE"/><countryCode value="USA" Sync="TRUE"/></dataLang><idCitation><resTitle Sync="TRUE">stratmap21-landparcels_48325_medina_202101</resTitle><presForm><PresFormCd value="005" Sync="TRUE"/></presForm></idCitation><spatRpType><SpatRepTypCd value="001" Sync="TRUE"/></spatRpType><idPurp>This dataset was acquired from Medina County Appraisal District's (CAD) vendor BIS Consulting for distribution in the TNRIS DataHub as part of the annually updated statewide land parcel program.  Visit the website for current details, program progress, and FAQs https://tnris.org/stratmap/land-parcels/

TNRIS Compiled existing parcel data and transformed it into a common schema via translation tools for ease of use statewide.  When applicable, some fields were concatenated or calculated.  Null or empty values denote absence of data in the provided request.  Geometry was not edited nor will be in the future by TNRIS.  Please contact the CAD or their vendor for more information that is outside of the scope of this dataset or program.

The enclosed csv/xml file documents data mappings used in the conversion from the source data into the common schema.  This denotes the source field names that were translated into the common schema fields.

Field descriptions are taken from industry standards and supplemented by TNRIS.
</idPurp><idAbs>&lt;DIV STYLE="text-align:Left;"&gt;&lt;DIV&gt;&lt;DIV&gt;&lt;P&gt;&lt;SPAN&gt;Date acquired by TNRIS: January 2021&lt;/SPAN&gt;&lt;/P&gt;&lt;/DIV&gt;&lt;/DIV&gt;&lt;/DIV&gt;</idAbs><idCredit>Medina CAD via: https://www.medinacad.org/</idCredit><searchKeys><keyword>Parcel</keyword><keyword>Medina County</keyword></searchKeys><resConst><Consts><useLimit>&lt;DIV STYLE="text-align:Left;"&gt;&lt;DIV&gt;&lt;DIV&gt;&lt;P&gt;&lt;SPAN&gt;TNRIS takes no responsibility for the spatial accuracy, completeness, or currency of the data.  The dataset may not be survey grade and should not be utilized as such.&lt;/SPAN&gt;&lt;/P&gt;&lt;/DIV&gt;&lt;/DIV&gt;&lt;/DIV&gt;</useLimit></Consts></resConst></dataIdInfo><mdLang><languageCode value="eng" Sync="TRUE"/><countryCode value="USA" Sync="TRUE"/></mdLang><distInfo><distFormat><formatName Sync="TRUE">Shapefile</formatName></distFormat><distTranOps><transSize Sync="TRUE">0.000</transSize></distTranOps></distInfo><mdHrLv><ScopeCd value="005" Sync="TRUE"/></mdHrLv><mdHrLvName Sync="TRUE">dataset</mdHrLvName><refSysInfo><RefSystem><refSysID><identCode code="3857" Sync="TRUE"/><idCodeSpace Sync="TRUE">EPSG</idCodeSpace><idVersion Sync="TRUE">6.18.3(9.3.1.2)</idVersion></refSysID></RefSystem></refSysInfo><spatRepInfo><VectSpatRep><geometObjs Name="stratmap21-landparcels_48325_medina_202101"><geoObjTyp><GeoObjTypCd value="002" Sync="TRUE"></GeoObjTypCd></geoObjTyp><geoObjCnt Sync="TRUE">0</geoObjCnt></geometObjs><topLvl><TopoLevCd value="001" Sync="TRUE"></TopoLevCd></topLvl></VectSpatRep></spatRepInfo><spdoinfo><ptvctinf><esriterm Name="stratmap21-landparcels_48325_medina_202101"><efeatyp Sync="TRUE">Simple</efeatyp><efeageom code="4" Sync="TRUE"></efeageom><esritopo Sync="TRUE">FALSE</esritopo><efeacnt Sync="TRUE">0</efeacnt><spindex Sync="TRUE">FALSE</spindex><linrefer Sync="TRUE">TRUE</linrefer></esriterm></ptvctinf></spdoinfo><eainfo><detailed Name="stratmap21-landparcels_48325_medina_202101"><enttyp><enttypl Sync="TRUE">stratmap21-landparcels_48325_medina_202101</enttypl><enttypt Sync="TRUE">Feature Class</enttypt><enttypc Sync="TRUE">0</enttypc></enttyp><attr><attrlabl Sync="TRUE">FID</attrlabl><attalias Sync="TRUE">FID</attalias><attrtype Sync="TRUE">OID</attrtype><attwidth Sync="TRUE">4</attwidth><atprecis Sync="TRUE">0</atprecis><attscale Sync="TRUE">0</attscale><attrdef Sync="TRUE">Internal feature number.</attrdef><attrdefs Sync="TRUE">Esri</attrdefs><attrdomv><udom Sync="TRUE">Sequential unique whole numbers that are automatically generated.</udom></attrdomv></attr><attr><attrlabl Sync="TRUE">Shape</attrlabl><attalias Sync="TRUE">Shape</attalias><attrtype Sync="TRUE">Geometry</attrtype><attwidth Sync="TRUE">0</attwidth><atprecis Sync="TRUE">0</atprecis><attscale Sync="TRUE">0</attscale><attrdef Sync="TRUE">Feature geometry.</attrdef><attrdefs Sync="TRUE">Esri</attrdefs><attrdomv><udom Sync="TRUE">Coordinates defining the features.</udom></attrdomv></attr><attr><attrlabl Sync="TRUE">PROP_ID</attrlabl><attalias Sync="TRUE">PROP_ID</attalias><attrtype Sync="TRUE">String</attrtype><attwidth Sync="TRUE">70</attwidth><atprecis Sync="TRUE">0</atprecis><attscale Sync="TRUE">0</attscale></attr><attr><attrlabl Sync="TRUE">GEO_ID</attrlabl><attalias Sync="TRUE">GEO_ID</attalias><attrtype Sync="TRUE">String</attrtype><attwidth Sync="TRUE">50</attwidth><atprecis Sync="TRUE">0</atprecis><attscale Sync="TRUE">0</attscale></attr><attr><attrlabl Sync="TRUE">OWNER_NAME</attrlabl><attalias Sync="TRUE">OWNER_NAME</attalias><attrtype Sync="TRUE">String</attrtype><attwidth Sync="TRUE">254</attwidth><atprecis Sync="TRUE">0</atprecis><attscale Sync="TRUE">0</attscale></attr><attr><attrlabl Sync="TRUE">NAME_CARE</attrlabl><attalias Sync="TRUE">NAME_CARE</attalias><attrtype Sync="TRUE">String</attrtype><attwidth Sync="TRUE">254</attwidth><atprecis Sync="TRUE">0</atprecis><attscale Sync="TRUE">0</attscale></attr><attr><attrlabl Sync="TRUE">LEGAL_AREA</attrlabl><attalias Sync="TRUE">LEGAL_AREA</attalias><attrtype Sync="TRUE">Double</attrtype><attwidth Sync="TRUE">19</attwidth><atprecis Sync="TRUE">0</atprecis><attscale Sync="TRUE">0</attscale></attr><attr><attrlabl Sync="TRUE">LGL_AREA_U</attrlabl><attalias Sync="TRUE">LGL_AREA_U</attalias><attrtype Sync="TRUE">String</attrtype><attwidth Sync="TRUE">8</attwidth><atprecis Sync="TRUE">0</atprecis><attscale Sync="TRUE">0</attscale></attr><attr><attrlabl Sync="TRUE">GIS_AREA</attrlabl><attalias Sync="TRUE">GIS_AREA</attalias><attrtype Sync="TRUE">Double</attrtype><attwidth Sync="TRUE">19</attwidth><atprecis Sync="TRUE">0</atprecis><attscale Sync="TRUE">0</attscale></attr><attr><attrlabl Sync="TRUE">GIS_AREA_U</attrlabl><attalias Sync="TRUE">GIS_AREA_U</attalias><attrtype Sync="TRUE">String</attrtype><attwidth Sync="TRUE">8</attwidth><atprecis Sync="TRUE">0</atprecis><attscale Sync="TRUE">0</attscale></attr><attr><attrlabl Sync="TRUE">LEGAL_DESC</attrlabl><attalias Sync="TRUE">LEGAL_DESC</attalias><attrtype Sync="TRUE">String</attrtype><attwidth Sync="TRUE">254</attwidth><atprecis Sync="TRUE">0</atprecis><attscale Sync="TRUE">0</attscale></attr><attr><attrlabl Sync="TRUE">STAT_LAND_</attrlabl><attalias Sync="TRUE">STAT_LAND_</attalias><attrtype Sync="TRUE">String</attrtype><attwidth Sync="TRUE">5</attwidth><atprecis Sync="TRUE">0</atprecis><attscale Sync="TRUE">0</attscale></attr><attr><attrlabl Sync="TRUE">LOC_LAND_U</attrlabl><attalias Sync="TRUE">LOC_LAND_U</attalias><attrtype Sync="TRUE">String</attrtype><attwidth Sync="TRUE">5</attwidth><atprecis Sync="TRUE">0</atprecis><attscale Sync="TRUE">0</attscale></attr><attr><attrlabl Sync="TRUE">LAND_VALUE</attrlabl><attalias Sync="TRUE">LAND_VALUE</attalias><attrtype Sync="TRUE">Double</attrtype><attwidth Sync="TRUE">19</attwidth><atprecis Sync="TRUE">0</atprecis><attscale Sync="TRUE">0</attscale></attr><attr><attrlabl Sync="TRUE">IMP_VALUE</attrlabl><attalias Sync="TRUE">IMP_VALUE</attalias><attrtype Sync="TRUE">Double</attrtype><attwidth Sync="TRUE">19</attwidth><atprecis Sync="TRUE">0</atprecis><attscale Sync="TRUE">0</attscale></attr><attr><attrlabl Sync="TRUE">MKT_VALUE</attrlabl><attalias Sync="TRUE">MKT_VALUE</attalias><attrtype Sync="TRUE">Double</attrtype><attwidth Sync="TRUE">19</attwidth><atprecis Sync="TRUE">0</atprecis><attscale Sync="TRUE">0</attscale></attr><attr><attrlabl Sync="TRUE">SITUS_ADDR</attrlabl><attalias Sync="TRUE">SITUS_ADDR</attalias><attrtype Sync="TRUE">String</attrtype><attwidth Sync="TRUE">254</attwidth><atprecis Sync="TRUE">0</atprecis><attscale Sync="TRUE">0</attscale></attr><attr><attrlabl Sync="TRUE">SITUS_NUM</attrlabl><attalias Sync="TRUE">SITUS_NUM</attalias><attrtype Sync="TRUE">String</attrtype><attwidth Sync="TRUE">15</attwidth><atprecis Sync="TRUE">0</atprecis><attscale Sync="TRUE">0</attscale></attr><attr><attrlabl Sync="TRUE">SITUS_STRE</attrlabl><attalias Sync="TRUE">SITUS_STRE</attalias><attrtype Sync="TRUE">String</attrtype><attwidth Sync="TRUE">10</attwidth><atprecis Sync="TRUE">0</atprecis><attscale Sync="TRUE">0</attscale></attr><attr><attrlabl Sync="TRUE">SITUS_ST_1</attrlabl><attalias Sync="TRUE">SITUS_ST_1</attalias><attrtype Sync="TRUE">String</attrtype><attwidth Sync="TRUE">60</attwidth><atprecis Sync="TRUE">0</atprecis><attscale Sync="TRUE">0</attscale></attr><attr><attrlabl Sync="TRUE">SITUS_ST_2</attrlabl><attalias Sync="TRUE">SITUS_ST_2</attalias><attrtype Sync="TRUE">String</attrtype><attwidth Sync="TRUE">60</attwidth><atprecis Sync="TRUE">0</atprecis><attscale Sync="TRUE">0</attscale></attr><attr><attrlabl Sync="TRUE">SITUS_CITY</attrlabl><attalias Sync="TRUE">SITUS_CITY</attalias><attrtype Sync="TRUE">String</attrtype><attwidth Sync="TRUE">60</attwidth><atprecis Sync="TRUE">0</atprecis><attscale Sync="TRUE">0</attscale></attr><attr><attrlabl Sync="TRUE">SITUS_STAT</attrlabl><attalias Sync="TRUE">SITUS_STAT</attalias><attrtype Sync="TRUE">String</attrtype><attwidth Sync="TRUE">2</attwidth><atprecis Sync="TRUE">0</atprecis><attscale Sync="TRUE">0</attscale></attr><attr><attrlabl Sync="TRUE">SITUS_ZIP</attrlabl><attalias Sync="TRUE">SITUS_ZIP</attalias><attrtype Sync="TRUE">String</attrtype><attwidth Sync="TRUE">5</attwidth><atprecis Sync="TRUE">0</atprecis><attscale Sync="TRUE">0</attscale></attr><attr><attrlabl Sync="TRUE">MAIL_ADDR</attrlabl><attalias Sync="TRUE">MAIL_ADDR</attalias><attrtype Sync="TRUE">String</attrtype><attwidth Sync="TRUE">254</attwidth><atprecis Sync="TRUE">0</atprecis><attscale Sync="TRUE">0</attscale></attr><attr><attrlabl Sync="TRUE">MAIL_LINE1</attrlabl><attalias Sync="TRUE">MAIL_LINE1</attalias><attrtype Sync="TRUE">String</attrtype><attwidth Sync="TRUE">60</attwidth><atprecis Sync="TRUE">0</atprecis><attscale Sync="TRUE">0</attscale></attr><attr><attrlabl Sync="TRUE">MAIL_LINE2</attrlabl><attalias Sync="TRUE">MAIL_LINE2</attalias><attrtype Sync="TRUE">String</attrtype><attwidth Sync="TRUE">60</attwidth><atprecis Sync="TRUE">0</atprecis><attscale Sync="TRUE">0</attscale></attr><attr><attrlabl Sync="TRUE">MAIL_CITY</attrlabl><attalias Sync="TRUE">MAIL_CITY</attalias><attrtype Sync="TRUE">String</attrtype><attwidth Sync="TRUE">60</attwidth><atprecis Sync="TRUE">0</atprecis><attscale Sync="TRUE">0</attscale></attr><attr><attrlabl Sync="TRUE">MAIL_STAT</attrlabl><attalias Sync="TRUE">MAIL_STAT</attalias><attrtype Sync="TRUE">String</attrtype><attwidth Sync="TRUE">2</attwidth><atprecis Sync="TRUE">0</atprecis><attscale Sync="TRUE">0</attscale></attr><attr><attrlabl Sync="TRUE">MAIL_ZIP</attrlabl><attalias Sync="TRUE">MAIL_ZIP</attalias><attrtype Sync="TRUE">String</attrtype><attwidth Sync="TRUE">5</attwidth><atprecis Sync="TRUE">0</atprecis><attscale Sync="TRUE">0</attscale></attr><attr><attrlabl Sync="TRUE">SOURCE</attrlabl><attalias Sync="TRUE">SOURCE</attalias><attrtype Sync="TRUE">String</attrtype><attwidth Sync="TRUE">100</attwidth><atprecis Sync="TRUE">0</atprecis><attscale Sync="TRUE">0</attscale></attr><attr><attrlabl Sync="TRUE">DATE_ACQ</attrlabl><attalias Sync="TRUE">DATE_ACQ</attalias><attrtype Sync="TRUE">Integer</attrtype><attwidth Sync="TRUE">10</attwidth><atprecis Sync="TRUE">10</atprecis><attscale Sync="TRUE">0</attscale></attr><attr><attrlabl Sync="TRUE">FIPS</attrlabl><attalias Sync="TRUE">FIPS</attalias><attrtype Sync="TRUE">String</attrtype><attwidth Sync="TRUE">5</attwidth><atprecis Sync="TRUE">0</atprecis><attscale Sync="TRUE">0</attscale></attr><attr><attrlabl Sync="TRUE">COUNTY</attrlabl><attalias Sync="TRUE">COUNTY</attalias><attrtype Sync="TRUE">String</attrtype><attwidth Sync="TRUE">60</attwidth><atprecis Sync="TRUE">0</atprecis><attscale Sync="TRUE">0</attscale></attr><attr><attrlabl Sync="TRUE">TAX_YEAR</attrlabl><attalias Sync="TRUE">TAX_YEAR</attalias><attrtype Sync="TRUE">Integer</attrtype><attwidth Sync="TRUE">5</attwidth><atprecis Sync="TRUE">5</atprecis><attscale Sync="TRUE">0</attscale></attr><attr><attrlabl Sync="TRUE">YEAR_BUILT</attrlabl><attalias Sync="TRUE">YEAR_BUILT</attalias><attrtype Sync="TRUE">Integer</attrtype><attwidth Sync="TRUE">5</attwidth><atprecis Sync="TRUE">5</atprecis><attscale Sync="TRUE">0</attscale></attr><attr><attrlabl Sync="TRUE">Shape_Leng</attrlabl><attalias Sync="TRUE">Shape_Leng</attalias><attrtype Sync="TRUE">Double</attrtype><attwidth Sync="TRUE">19</attwidth><atprecis Sync="TRUE">0</atprecis><attscale Sync="TRUE">0</attscale></attr><attr><attrlabl Sync="TRUE">Shape_Area</attrlabl><attalias Sync="TRUE">Shape_Area</attalias><attrtype Sync="TRUE">Double</attrtype><attwidth Sync="TRUE">19</attwidth><atprecis Sync="TRUE">0</atprecis><attscale Sync="TRUE">0</attscale><attrdef Sync="TRUE">Area of feature in internal units squared.</attrdef><attrdefs Sync="TRUE">Esri</attrdefs><attrdomv><udom Sync="TRUE">Positive real numbers that are automatically generated.</udom></attrdomv></attr></detailed></eainfo><mdDateSt Sync="TRUE">20210322</mdDateSt></metadata>
