<?xml version="1.0"?>
<SourceTargetMatrix version="1.1" xmlns:esri="http://www.esri.com">
	<Datasets>
		<Project>Medina.aprx</Project>
		<Source>Medina.gdb\FROM_MEDINA</Source>
		<Target>Medina.gdb\TO_MEDINA</Target>
		<SourceFactoryCode>3857</SourceFactoryCode>
		<TargetFactoryCode>3857</TargetFactoryCode>
		<ReplaceBy>
		</ReplaceBy>
	</Datasets>
	<Fields>
		<Field>
			<SourceName>PROP_ID</SourceName>
			<TargetName>PROP_ID</TargetName>
			<Method>Copy</Method>
		</Field>
		<Field>
			<SourceName>geo_id</SourceName>
			<TargetName>GEO_ID</TargetName>
			<Method>Copy</Method>
		</Field>
		<Field>
			<SourceName>file_as_na</SourceName>
			<TargetName>OWNER_NAME</TargetName>
			<Method>Copy</Method>
		</Field>
		<Field>
			<SourceName>(None)</SourceName>
			<TargetName>NAME_CARE</TargetName>
			<Method>None</Method>
		</Field>
		<Field>
			<SourceName>legal_acre</SourceName>
			<TargetName>LEGAL_AREA</TargetName>
			<Method>Copy</Method>
		</Field>
		<Field>
			<SourceName>(None)</SourceName>
			<TargetName>LGL_AREA_UNIT</TargetName>
			<Method>SetValue</Method>
			<SetValue>ACRES</SetValue>
		</Field>
		<Field>
			<SourceName>(None)</SourceName>
			<TargetName>GIS_AREA</TargetName>
			<Method>None</Method>
		</Field>
		<Field>
			<SourceName>(None)</SourceName>
			<TargetName>GIS_AREA_UNIT</TargetName>
			<Method>SetValue</Method>
			<SetValue>ACRES</SetValue>
		</Field>
		<Field>
			<SourceName>legal_desc</SourceName>
			<TargetName>LEGAL_DESC</TargetName>
			<Method>Copy</Method>
		</Field>
		<Field>
			<SourceName>(None)</SourceName>
			<TargetName>STAT_LAND_USE</TargetName>
			<Method>None</Method>
		</Field>
		<Field>
			<SourceName>(None)</SourceName>
			<TargetName>LOC_LAND_USE</TargetName>
			<Method>None</Method>
		</Field>
		<Field>
			<SourceName>land_val</SourceName>
			<TargetName>LAND_VALUE</TargetName>
			<Method>Copy</Method>
		</Field>
		<Field>
			<SourceName>imprv_val</SourceName>
			<TargetName>IMP_VALUE</TargetName>
			<Method>Copy</Method>
		</Field>
		<Field>
			<SourceName>market</SourceName>
			<TargetName>MKT_VALUE</TargetName>
			<Method>Copy</Method>
		</Field>
		<Field>
			<SourceName>(None)</SourceName>
			<TargetName>SITUS_ADDR</TargetName>
			<Method>Concatenate</Method>
			<Separator>(space)</Separator>
			<cFields>
				<cField>
					<Name>situs_num</Name>
				</cField>
				<cField>
					<Name>situs_stre</Name>
				</cField>
				<cField>
					<Name>situs_st_1</Name>
				</cField>
				<cField>
					<Name>situs_st_2</Name>
				</cField>
				<cField>
					<Name>situs_city</Name>
				</cField>
				<cField>
					<Name>situs_stat</Name>
				</cField>
				<cField>
					<Name>situs_zip</Name>
				</cField>
			</cFields>
		</Field>
		<Field>
			<SourceName>situs_num</SourceName>
			<TargetName>SITUS_NUM</TargetName>
			<Method>Copy</Method>
		</Field>
		<Field>
			<SourceName>situs_stre</SourceName>
			<TargetName>SITUS_STRE</TargetName>
			<Method>Copy</Method>
		</Field>
		<Field>
			<SourceName>situs_st_1</SourceName>
			<TargetName>SITUS_ST_1</TargetName>
			<Method>Copy</Method>
		</Field>
		<Field>
			<SourceName>situs_st_2</SourceName>
			<TargetName>SITUS_ST_2</TargetName>
			<Method>Copy</Method>
		</Field>
		<Field>
			<SourceName>situs_city</SourceName>
			<TargetName>SITUS_CITY</TargetName>
			<Method>Copy</Method>
		</Field>
		<Field>
			<SourceName>situs_stat</SourceName>
			<TargetName>SITUS_STAT</TargetName>
			<Method>Copy</Method>
		</Field>
		<Field>
			<SourceName>situs_zip</SourceName>
			<TargetName>SITUS_ZIP</TargetName>
			<Method>Left</Method>
			<Left>5</Left>
		</Field>
		<Field>
			<SourceName>(None)</SourceName>
			<TargetName>MAIL_ADDR</TargetName>
			<Method>Concatenate</Method>
			<Separator>(space)</Separator>
			<cFields>
				<cField>
					<Name>addr_line1</Name>
				</cField>
				<cField>
					<Name>addr_line2</Name>
				</cField>
				<cField>
					<Name>addr_line3</Name>
				</cField>
				<cField>
					<Name>addr_city</Name>
				</cField>
				<cField>
					<Name>addr_state</Name>
				</cField>
				<cField>
					<Name>zip</Name>
				</cField>
			</cFields>
		</Field>
		<Field>
			<SourceName>(None)</SourceName>
			<TargetName>MAIL_LINE1</TargetName>
			<Method>None</Method>
		</Field>
		<Field>
			<SourceName>addr_line3</SourceName>
			<TargetName>MAIL_LINE2</TargetName>
			<Method>Copy</Method>
		</Field>
		<Field>
			<SourceName>addr_city</SourceName>
			<TargetName>MAIL_CITY</TargetName>
			<Method>Copy</Method>
		</Field>
		<Field>
			<SourceName>addr_state</SourceName>
			<TargetName>MAIL_STAT</TargetName>
			<Method>Copy</Method>
		</Field>
		<Field>
			<SourceName>zip</SourceName>
			<TargetName>MAIL_ZIP</TargetName>
			<Method>Left</Method>
			<Left>5</Left>
		</Field>
		<Field>
			<SourceName>(None)</SourceName>
			<TargetName>SOURCE</TargetName>
			<Method>SetValue</Method>
			<SetValue>BIS CONSULTING</SetValue>
		</Field>
		<Field>
			<SourceName>(None)</SourceName>
			<TargetName>DATE_ACQ</TargetName>
			<Method>SetValue</Method>
			<SetValue>201904</SetValue>
		</Field>
		<Field>
			<SourceName>(None)</SourceName>
			<TargetName>FIPS</TargetName>
			<Method>SetValue</Method>
			<SetValue>48325</SetValue>
		</Field>
		<Field>
			<SourceName>county</SourceName>
			<TargetName>COUNTY</TargetName>
			<Method>SetValue</Method>
			<SetValue>MEDINA</SetValue>
		</Field>
		<Field>
			<SourceName>owner_tax_</SourceName>
			<TargetName>TAX_YEAR</TargetName>
			<Method>SetValue</Method>
			<SetValue>2019</SetValue>
		</Field>
		<Field>
			<SourceName>(None)</SourceName>
			<TargetName>YEAR_BUILT</TargetName>
			<Method>None</Method>
		</Field>
	</Fields>
	<SourceFields>
		<SourceField Name="(None)"/>
		<SourceField AliasName="PROP_ID" Length="4" Name="PROP_ID" Type="Integer"/>
		<SourceField AliasName="prop_id_1" Length="4" Name="prop_id_1" Type="Integer"/>
		<SourceField AliasName="owner_tax_" Length="4" Name="owner_tax_" Type="Integer"/>
		<SourceField AliasName="file_as_na" Length="70" Name="file_as_na" Type="String"/>
		<SourceField AliasName="legal_acre" Length="8" Name="legal_acre" Type="Double"/>
		<SourceField AliasName="hood_cd" Length="10" Name="hood_cd" Type="String"/>
		<SourceField AliasName="school" Length="10" Name="school" Type="String"/>
		<SourceField AliasName="city" Length="25" Name="city" Type="String"/>
		<SourceField AliasName="county" Length="10" Name="county" Type="String"/>
		<SourceField AliasName="next_appra" Length="8" Name="next_appra" Type="Date"/>
		<SourceField AliasName="legal_desc" Length="254" Name="legal_desc" Type="String"/>
		<SourceField AliasName="legal_de_1" Length="254" Name="legal_de_1" Type="String"/>
		<SourceField AliasName="legal_de_2" Length="254" Name="legal_de_2" Type="String"/>
		<SourceField AliasName="tract_or_l" Length="50" Name="tract_or_l" Type="String"/>
		<SourceField AliasName="abs_subdv_" Length="20" Name="abs_subdv_" Type="String"/>
		<SourceField AliasName="land_val" Length="8" Name="land_val" Type="Double"/>
		<SourceField AliasName="imprv_val" Length="8" Name="imprv_val" Type="Double"/>
		<SourceField AliasName="market" Length="8" Name="market" Type="Double"/>
		<SourceField AliasName="block" Length="50" Name="block" Type="String"/>
		<SourceField AliasName="map_id" Length="20" Name="map_id" Type="String"/>
		<SourceField AliasName="geo_id" Length="50" Name="geo_id" Type="String"/>
		<SourceField AliasName="situs_num" Length="15" Name="situs_num" Type="String"/>
		<SourceField AliasName="situs_stre" Length="25" Name="situs_stre" Type="String"/>
		<SourceField AliasName="situs_st_1" Length="50" Name="situs_st_1" Type="String"/>
		<SourceField AliasName="situs_st_2" Length="25" Name="situs_st_2" Type="String"/>
		<SourceField AliasName="situs_city" Length="30" Name="situs_city" Type="String"/>
		<SourceField AliasName="situs_stat" Length="15" Name="situs_stat" Type="String"/>
		<SourceField AliasName="situs_zip" Length="10" Name="situs_zip" Type="String"/>
		<SourceField AliasName="addr_line1" Length="60" Name="addr_line1" Type="String"/>
		<SourceField AliasName="addr_line2" Length="60" Name="addr_line2" Type="String"/>
		<SourceField AliasName="addr_line3" Length="60" Name="addr_line3" Type="String"/>
		<SourceField AliasName="addr_city" Length="50" Name="addr_city" Type="String"/>
		<SourceField AliasName="addr_state" Length="50" Name="addr_state" Type="String"/>
		<SourceField AliasName="zip" Length="15" Name="zip" Type="String"/>
		<SourceField AliasName="Deed_Seq" Length="4" Name="Deed_Seq" Type="Integer"/>
		<SourceField AliasName="Deed_Date" Length="20" Name="Deed_Date" Type="String"/>
		<SourceField AliasName="Volume" Length="20" Name="Volume" Type="String"/>
		<SourceField AliasName="Page" Length="20" Name="Page" Type="String"/>
		<SourceField AliasName="Number" Length="50" Name="Number" Type="String"/>
	</SourceFields>
	<TargetFields>
		<TargetField AliasName="PROP_ID" Length="70" Name="PROP_ID" Type="String"/>
		<TargetField AliasName="GEO_ID" Length="50" Name="GEO_ID" Type="String"/>
		<TargetField AliasName="OWNER_NAME" Length="254" Name="OWNER_NAME" Type="String"/>
		<TargetField AliasName="NAME_CARE" Length="254" Name="NAME_CARE" Type="String"/>
		<TargetField AliasName="LEGAL_AREA" Length="8" Name="LEGAL_AREA" Type="Double"/>
		<TargetField AliasName="LGL_AREA_UNIT" Length="8" Name="LGL_AREA_UNIT" Type="String"/>
		<TargetField AliasName="GIS_AREA" Length="8" Name="GIS_AREA" Type="Double"/>
		<TargetField AliasName="GIS_AREA_UNIT" Length="8" Name="GIS_AREA_UNIT" Type="String"/>
		<TargetField AliasName="LEGAL_DESC" Length="254" Name="LEGAL_DESC" Type="String"/>
		<TargetField AliasName="STAT_LAND_USE" Length="5" Name="STAT_LAND_USE" Type="String"/>
		<TargetField AliasName="LOC_LAND_USE" Length="5" Name="LOC_LAND_USE" Type="String"/>
		<TargetField AliasName="LAND_VALUE" Length="8" Name="LAND_VALUE" Type="Double"/>
		<TargetField AliasName="IMP_VALUE" Length="8" Name="IMP_VALUE" Type="Double"/>
		<TargetField AliasName="MKT_VALUE" Length="8" Name="MKT_VALUE" Type="Double"/>
		<TargetField AliasName="SITUS_ADDR" Length="254" Name="SITUS_ADDR" Type="String"/>
		<TargetField AliasName="SITUS_NUM" Length="15" Name="SITUS_NUM" Type="String"/>
		<TargetField AliasName="SITUS_STRE" Length="10" Name="SITUS_STRE" Type="String"/>
		<TargetField AliasName="SITUS_ST_1" Length="60" Name="SITUS_ST_1" Type="String"/>
		<TargetField AliasName="SITUS_ST_2" Length="60" Name="SITUS_ST_2" Type="String"/>
		<TargetField AliasName="SITUS_CITY" Length="60" Name="SITUS_CITY" Type="String"/>
		<TargetField AliasName="SITUS_STAT" Length="2" Name="SITUS_STAT" Type="String"/>
		<TargetField AliasName="SITUS_ZIP" Length="5" Name="SITUS_ZIP" Type="String"/>
		<TargetField AliasName="MAIL_ADDR" Length="254" Name="MAIL_ADDR" Type="String"/>
		<TargetField AliasName="MAIL_LINE1" Length="60" Name="MAIL_LINE1" Type="String"/>
		<TargetField AliasName="MAIL_LINE2" Length="60" Name="MAIL_LINE2" Type="String"/>
		<TargetField AliasName="MAIL_CITY" Length="60" Name="MAIL_CITY" Type="String"/>
		<TargetField AliasName="MAIL_STAT" Length="2" Name="MAIL_STAT" Type="String"/>
		<TargetField AliasName="MAIL_ZIP" Length="5" Name="MAIL_ZIP" Type="String"/>
		<TargetField AliasName="SOURCE" Length="100" Name="SOURCE" Type="String"/>
		<TargetField AliasName="DATE_ACQ" Length="4" Name="DATE_ACQ" Type="Integer"/>
		<TargetField AliasName="FIPS" Length="5" Name="FIPS" Type="String"/>
		<TargetField AliasName="COUNTY" Length="60" Name="COUNTY" Type="String"/>
		<TargetField AliasName="TAX_YEAR" Length="2" Name="TAX_YEAR" Type="SmallInteger"/>
		<TargetField AliasName="YEAR_BUILT" Length="2" Name="YEAR_BUILT" Type="SmallInteger"/>
	</TargetFields>
	<Data>
		<Row Deed_Date=" " Deed_Seq="0" Number=" " PROP_ID="0" Page=" " Volume=" " abs_subdv_=" " addr_city=" " addr_line1=" " addr_line2=" " addr_line3=" " addr_state=" " block=" " city=" " county=" " file_as_na=" " geo_id=" " hood_cd=" " imprv_val="0.0" land_val="0.0" legal_acre="0.0" legal_de_1=" " legal_de_2=" " legal_desc=" " map_id=" " market="0.0" next_appra="None" owner_tax_="0" prop_id_1="0" school=" " situs_city=" " situs_num=" " situs_st_1=" " situs_st_2=" " situs_stat=" " situs_stre=" " situs_zip=" " tract_or_l=" " zip=" "/>
		<Row Deed_Date=" " Deed_Seq="0" Number=" " PROP_ID="0" Page=" " Volume=" " abs_subdv_=" " addr_city=" " addr_line1=" " addr_line2=" " addr_line3=" " addr_state=" " block=" " city=" " county=" " file_as_na=" " geo_id=" " hood_cd=" " imprv_val="0.0" land_val="0.0" legal_acre="0.0" legal_de_1=" " legal_de_2=" " legal_desc=" " map_id=" " market="0.0" next_appra="None" owner_tax_="0" prop_id_1="0" school=" " situs_city=" " situs_num=" " situs_st_1=" " situs_st_2=" " situs_stat=" " situs_stre=" " situs_zip=" " tract_or_l=" " zip=" "/>
		<Row Deed_Date=" " Deed_Seq="0" Number=" " PROP_ID="0" Page=" " Volume=" " abs_subdv_=" " addr_city=" " addr_line1=" " addr_line2=" " addr_line3=" " addr_state=" " block=" " city=" " county=" " file_as_na=" " geo_id=" " hood_cd=" " imprv_val="0.0" land_val="0.0" legal_acre="0.0" legal_de_1=" " legal_de_2=" " legal_desc=" " map_id=" " market="0.0" next_appra="None" owner_tax_="0" prop_id_1="0" school=" " situs_city=" " situs_num=" " situs_st_1=" " situs_st_2=" " situs_stat=" " situs_stre=" " situs_zip=" " tract_or_l=" " zip=" "/>
		<Row Deed_Date=" " Deed_Seq="0" Number=" " PROP_ID="0" Page=" " Volume=" " abs_subdv_=" " addr_city=" " addr_line1=" " addr_line2=" " addr_line3=" " addr_state=" " block=" " city=" " county=" " file_as_na=" " geo_id=" " hood_cd=" " imprv_val="0.0" land_val="0.0" legal_acre="0.0" legal_de_1=" " legal_de_2=" " legal_desc=" " map_id=" " market="0.0" next_appra="None" owner_tax_="0" prop_id_1="0" school=" " situs_city=" " situs_num=" " situs_st_1=" " situs_st_2=" " situs_stat=" " situs_stre=" " situs_zip=" " tract_or_l=" " zip=" "/>
		<Row Deed_Date=" " Deed_Seq="0" Number=" " PROP_ID="0" Page=" " Volume=" " abs_subdv_=" " addr_city=" " addr_line1=" " addr_line2=" " addr_line3=" " addr_state=" " block=" " city=" " county=" " file_as_na=" " geo_id=" " hood_cd=" " imprv_val="0.0" land_val="0.0" legal_acre="0.0" legal_de_1=" " legal_de_2=" " legal_desc=" " map_id=" " market="0.0" next_appra="None" owner_tax_="0" prop_id_1="0" school=" " situs_city=" " situs_num=" " situs_st_1=" " situs_st_2=" " situs_stat=" " situs_stre=" " situs_zip=" " tract_or_l=" " zip=" "/>
		<Row Deed_Date=" " Deed_Seq="0" Number=" " PROP_ID="0" Page=" " Volume=" " abs_subdv_=" " addr_city=" " addr_line1=" " addr_line2=" " addr_line3=" " addr_state=" " block=" " city=" " county=" " file_as_na=" " geo_id=" " hood_cd=" " imprv_val="0.0" land_val="0.0" legal_acre="0.0" legal_de_1=" " legal_de_2=" " legal_desc=" " map_id=" " market="0.0" next_appra="None" owner_tax_="0" prop_id_1="0" school=" " situs_city=" " situs_num=" " situs_st_1=" " situs_st_2=" " situs_stat=" " situs_stre=" " situs_zip=" " tract_or_l=" " zip=" "/>
		<Row Deed_Date=" " Deed_Seq="0" Number=" " PROP_ID="0" Page=" " Volume=" " abs_subdv_=" " addr_city=" " addr_line1=" " addr_line2=" " addr_line3=" " addr_state=" " block=" " city=" " county=" " file_as_na=" " geo_id=" " hood_cd=" " imprv_val="0.0" land_val="0.0" legal_acre="0.0" legal_de_1=" " legal_de_2=" " legal_desc=" " map_id=" " market="0.0" next_appra="None" owner_tax_="0" prop_id_1="0" school=" " situs_city=" " situs_num=" " situs_st_1=" " situs_st_2=" " situs_stat=" " situs_stre=" " situs_zip=" " tract_or_l=" " zip=" "/>
		<Row Deed_Date=" " Deed_Seq="0" Number=" " PROP_ID="0" Page=" " Volume=" " abs_subdv_=" " addr_city=" " addr_line1=" " addr_line2=" " addr_line3=" " addr_state=" " block=" " city=" " county=" " file_as_na=" " geo_id=" " hood_cd=" " imprv_val="0.0" land_val="0.0" legal_acre="0.0" legal_de_1=" " legal_de_2=" " legal_desc=" " map_id=" " market="0.0" next_appra="None" owner_tax_="0" prop_id_1="0" school=" " situs_city=" " situs_num=" " situs_st_1=" " situs_st_2=" " situs_stat=" " situs_stre=" " situs_zip=" " tract_or_l=" " zip=" "/>
		<Row Deed_Date=" " Deed_Seq="0" Number=" " PROP_ID="0" Page=" " Volume=" " abs_subdv_=" " addr_city=" " addr_line1=" " addr_line2=" " addr_line3=" " addr_state=" " block=" " city=" " county=" " file_as_na=" " geo_id=" " hood_cd=" " imprv_val="0.0" land_val="0.0" legal_acre="0.0" legal_de_1=" " legal_de_2=" " legal_desc=" " map_id=" " market="0.0" next_appra="None" owner_tax_="0" prop_id_1="0" school=" " situs_city=" " situs_num=" " situs_st_1=" " situs_st_2=" " situs_stat=" " situs_stre=" " situs_zip=" " tract_or_l=" " zip=" "/>
		<Row Deed_Date=" " Deed_Seq="0" Number=" " PROP_ID="0" Page=" " Volume=" " abs_subdv_=" " addr_city=" " addr_line1=" " addr_line2=" " addr_line3=" " addr_state=" " block=" " city=" " county=" " file_as_na=" " geo_id=" " hood_cd=" " imprv_val="0.0" land_val="0.0" legal_acre="0.0" legal_de_1=" " legal_de_2=" " legal_desc=" " map_id=" " market="0.0" next_appra="None" owner_tax_="0" prop_id_1="0" school=" " situs_city=" " situs_num=" " situs_st_1=" " situs_st_2=" " situs_stat=" " situs_stre=" " situs_zip=" " tract_or_l=" " zip=" "/>
	</Data>
	<Esri>
		<CreaDate>20190701</CreaDate>
		<CreaTime>09463000</CreaTime>
		<ArcGISstyle>INSPIRE Metadata Directive</ArcGISstyle>
		<SyncOnce>TRUE</SyncOnce>
		<DataProperties>
			<itemProps>
				<itemLocation>
					<linkage Sync="TRUE">file://\\twdb4afssvr2\vault\SM\Parcels\05_MXD_APRX\Brazos\SourceTarget</linkage>
					<protocol Sync="TRUE">Local Area Network</protocol>
				</itemLocation>
			</itemProps>
			<copyHistory>
				<copy source="M:\SM\Parcels\05_MXD_APRX\Bosque\SourceTarget" dest="\\twdb4afssvr2\vault\SM\Parcels\05_MXD_APRX\Brazos\SourceTarget" date="20190701" time="09463000">
				</copy>
			</copyHistory>
		</DataProperties>
		<ModDate>20195727</ModDate><ModTime>153NnS2600</ModTime></Esri>
</SourceTargetMatrix>
