<metadata><idinfo><citation><citeinfo><title>stratmap19_parcels_48325_medina_201904</title><geoform>vector digital data</geoform></citeinfo></citation><descript><abstract>Date of data: April 2019</abstract><purpose>This dataset was acquired from the Medina CAD's vendor BIS Consulting for distribution in the TNRIS DataHub as part of the annually updated statewide land parcel program.  Visit the website for current details, program progress, and FAQs https://tnris.org/stratmap/land-parcels/

TNRIS compiled existing parcel data and transformed it into a common schema via translation tools for ease of use statewide.  When applicable, some fields were concatenated or calculated.  Null or empty values denote absence of data in the provided request.  Geometry was not edited nor will be in the future by TNRIS.  Please contact the CAD or their vendor for more information that is outside of the scope of this dataset or program.

The enclosed csv/xml file documents data mappings used in the conversion from the source data into the common schema.  This denotes the source field names that were translated into the common schema fields.

Field descriptions are taken from industry standards and supplemented by TNRIS.</purpose></descript><spdom><bounding><westbc>-99.420578</westbc><eastbc>-98.798080</eastbc><northbc>29.690895</northbc><southbc>29.068191</southbc></bounding></spdom><keywords><theme><themekt>None</themekt><themekey>Parcel</themekey><themekey>Medina County</themekey></theme></keywords><accconst>None</accconst><useconst>TNRIS takes no responsibility for the spatial accuracy, completeness, or currency of the data. The dataset may not be survey grade and should not be utilized as such.</useconst><datacred>Medina CAD via https://www.medinacad.org/</datacred><native> Version 6.2 (Build 9200) ; Esri ArcGIS 10.6.1.9270</native></idinfo><spdoinfo><direct>Vector</direct><ptvctinf><sdtsterm><sdtstype>GT-polygon composed of chains</sdtstype><ptvctcnt>38568</ptvctcnt></sdtsterm></ptvctinf></spdoinfo><spref><horizsys><planar><mapproj><mapprojn>WGS 1984 Web Mercator Auxiliary Sphere</mapprojn><mapprojp><otherprj>PROJCS["WGS_1984_Web_Mercator_Auxiliary_Sphere",GEOGCS["GCS_WGS_1984",DATUM["D_WGS_1984",SPHEROID["WGS_1984",6378137.0,298.257223563]],PRIMEM["Greenwich",0.0],UNIT["Degree",0.0174532925199433]],PROJECTION["Mercator_Auxiliary_Sphere"],PARAMETER["False_Easting",0.0],PARAMETER["False_Northing",0.0],PARAMETER["Central_Meridian",0.0],PARAMETER["Standard_Parallel_1",0.0],PARAMETER["Auxiliary_Sphere_Type",0.0],UNIT["Meter",1.0],AUTHORITY["EPSG",3857]]</otherprj></mapprojp></mapproj><planci><plance>coordinate pair</plance><coordrep><absres>0.0001</absres><ordres>0.0001</ordres></coordrep><plandu>meter</plandu></planci></planar><geodetic><horizdn>D WGS 1984</horizdn><ellips>WGS 1984</ellips><semiaxis>6378137.0</semiaxis><denflat>298.257223563</denflat></geodetic></horizsys></spref><eainfo><detailed><enttyp><enttypl>TO_MEDINA</enttypl></enttyp><attr><attrlabl>OBJECTID</attrlabl><attrdef>Internal feature number.</attrdef><attrdefs>Esri</attrdefs><attrdomv><udom>Sequential unique whole numbers that are automatically generated.</udom></attrdomv></attr><attr><attrlabl>Shape</attrlabl><attrdef>Feature geometry.</attrdef><attrdefs>Esri</attrdefs><attrdomv><udom>Coordinates defining the features.</udom></attrdomv></attr><attr><attrlabl>PROP_ID</attrlabl><attrdef>Source unique identifier that can be joined with other datasets</attrdef></attr><attr><attrlabl>GEO_ID</attrlabl><attrdef>Source unique identifier that can be joined with other datasets</attrdef></attr><attr><attrlabl>OWNER_NAME</attrlabl><attrdef>Owner of the parcel</attrdef></attr><attr><attrlabl>NAME_CARE</attrlabl><attrdef>Owner of the parcel</attrdef></attr><attr><attrlabl>LEGAL_AREA</attrlabl><attrdef>Legal area per deed.  The non-rounded value.</attrdef></attr><attr><attrlabl>LGL_AREA_UNIT</attrlabl><attrdef>Legal area units per deed.</attrdef></attr><attr><attrlabl>GIS_AREA</attrlabl><attrdef>The area calculated within GIS</attrdef></attr><attr><attrlabl>GIS_AREA_UNIT</attrlabl><attrdef>The area calculated units within GIS</attrdef></attr><attr><attrlabl>LEGAL_DESC</attrlabl><attrdef>Legal description from deed</attrdef></attr><attr><attrlabl>LAND_USE</attrlabl></attr><attr><attrlabl>LAND_VALUE</attrlabl><attrdef>Current value of land</attrdef></attr><attr><attrlabl>IMP_VALUE</attrlabl><attrdef>Current value of improvements </attrdef></attr><attr><attrlabl>MKT_VALUE</attrlabl><attrdef>Current market value</attrdef></attr><attr><attrlabl>SITUS_ADDR</attrlabl><attrdef>The main address of this property.  Data concatenated into one field</attrdef></attr><attr><attrlabl>SITUS_NUM</attrlabl><attrdef>The house number of the main property</attrdef></attr><attr><attrlabl>SITUS_STRE</attrlabl><attrdef>The street directional or unit of the main property</attrdef></attr><attr><attrlabl>SITUS_ST_1</attrlabl><attrdef>The street name of the main property</attrdef></attr><attr><attrlabl>SITUS_ST_2</attrlabl><attrdef>The street name info of the main property</attrdef></attr><attr><attrlabl>SITUS_CITY</attrlabl><attrdef>The city of the main property</attrdef></attr><attr><attrlabl>SITUS_STAT</attrlabl><attrdef>The state of the main property</attrdef></attr><attr><attrlabl>SITUS_ZIP</attrlabl><attrdef>The zip of the main property</attrdef></attr><attr><attrlabl>MAIL_ADDR</attrlabl><attrdef>The mailing address for the owner of the property.  Data concatenated into one field</attrdef></attr><attr><attrlabl>MAIL_LINE1</attrlabl><attrdef>The mailing street, directional and unit</attrdef></attr><attr><attrlabl>MAIL_LINE2</attrlabl><attrdef>Additional mailing info</attrdef></attr><attr><attrlabl>MAIL_CITY</attrlabl><attrdef>The mailing city</attrdef></attr><attr><attrlabl>MAIL_STAT</attrlabl><attrdef>The mailing state</attrdef></attr><attr><attrlabl>MAIL_ZIP</attrlabl><attrdef>The mailing zip code</attrdef></attr><attr><attrlabl>SOURCE</attrlabl><attrdef>The source of this data.  For example, appraisal district or name of vendor</attrdef></attr><attr><attrlabl>DATE_ACQ</attrlabl><attrdef>The date TNRIS acquired this data. </attrdef></attr><attr><attrlabl>FIPS</attrlabl><attrdef>County jurisdiction 5 digit FIPS code</attrdef></attr><attr><attrlabl>COUNTY</attrlabl><attrdef>County name</attrdef></attr><attr><attrlabl>TAX_YEAR</attrlabl><attrdef>The year of this dataset</attrdef></attr><attr><attrlabl>YEAR_BUILT</attrlabl><attrdef>Year structure built</attrdef></attr><attr><attrlabl>Shape_Length</attrlabl><attrdef>Length of feature in internal units.</attrdef><attrdefs>Esri</attrdefs><attrdomv><udom>Positive real numbers that are automatically generated.</udom></attrdomv></attr><attr><attrlabl>Shape_Area</attrlabl><attrdef>Area of feature in internal units squared.</attrdef><attrdefs>Esri</attrdefs><attrdomv><udom>Positive real numbers that are automatically generated.</udom></attrdomv></attr></detailed></eainfo><metainfo><metd>20190807</metd><metstdn>FGDC Content Standard for Digital Geospatial Metadata</metstdn><metstdv>FGDC-STD-001-1998</metstdv><mettc>local time</mettc></metainfo><dataIdInfo><idPurp>This dataset was acquired from the Medina CAD's vendor BIS Consulting for distribution in the TNRIS DataHub as part of the annually updated statewide land parcel program.  Visit the website for current details, program progress, and FAQs https://tnris.org/stratmap/land-parcels/

TNRIS compiled existing parcel data and transformed it into a common schema via translation tools for ease of use statewide.  When applicable, some fields were concatenated or calculated.  Null or empty values denote absence of data in the provided request.  Geometry was not edited nor will be in the future by TNRIS.  Please contact the CAD or their vendor for more information that is outside of the scope of this dataset or program.

The enclosed csv/xml file documents data mappings used in the conversion from the source data into the common schema.  This denotes the source field names that were translated into the common schema fields.

Field descriptions are taken from industry standards and supplemented by TNRIS.</idPurp><idAbs>&lt;DIV STYLE="text-align:Left;"&gt;&lt;DIV&gt;&lt;P&gt;&lt;SPAN&gt;Date of data: April 2019&lt;/SPAN&gt;&lt;/P&gt;&lt;/DIV&gt;&lt;/DIV&gt;</idAbs><idCredit>Medina CAD via https://www.medinacad.org/</idCredit><idCitation><resTitle>stratmap19_parcels_48325_medina_201904</resTitle></idCitation><searchKeys><keyword>Parcel</keyword><keyword>Medina County</keyword></searchKeys><resConst><Consts><useLimit>&lt;DIV STYLE="text-align:Left;"&gt;&lt;DIV&gt;&lt;P&gt;&lt;SPAN&gt;TNRIS takes no responsibility for the spatial accuracy, completeness, or currency of the data. The dataset may not be survey grade and should not be utilized as such.&lt;/SPAN&gt;&lt;/P&gt;&lt;/DIV&gt;&lt;/DIV&gt;</useLimit></Consts></resConst></dataIdInfo><Esri><ModDate>20195727</ModDate><ModTime>153NnS2800</ModTime><scaleRange><minScale>150000000</minScale><maxScale>5000</maxScale></scaleRange><ArcGISFormat>1.0</ArcGISFormat><ArcGISProfile>FGDC</ArcGISProfile><SyncOnce>TRUE</SyncOnce></Esri><mdHrLv><ScopeCd value="005"></ScopeCd></mdHrLv></metadata>
