<metadata xml:lang="en"><Esri><CreaDate>20220204</CreaDate><CreaTime>10321900</CreaTime><ArcGISFormat>1.0</ArcGISFormat><SyncOnce>FALSE</SyncOnce><DataProperties><lineage><Process ToolSource="c:\program files (x86)\arcgis\desktop10.6\ArcToolbox\Toolboxes\Data Management Tools.tbx\CopyFeatures" Date="20220204" Time="103219" Name="" export="">CopyFeatures C:\Connections\TNRIS\MedinaSA_esridb01.sde\MedinaCad.dbo.svewTNRISMedinaParcels D:\TNRISYearlyUpdates\Medina\svewTNRISMedinaParcels.shp # 0 0 0</Process><Process ToolSource="c:\program files\arcgis\pro\Resources\ArcToolbox\toolboxes\Data Management Tools.tbx\CalculateField" Date="20220406" Time="090221" Name="" export="">CalculateField svewTNRISMedinaParcels COUNTY 'MEDINA' "Python 3" # Text NO_ENFORCE_DOMAINS</Process><Process ToolSource="c:\program files\arcgis\pro\Resources\ArcToolbox\toolboxes\Data Management Tools.tbx\CalculateField" Date="20220406" Time="090234" Name="" export="">CalculateField svewTNRISMedinaParcels FIPS '48325' "Python 3" # Text NO_ENFORCE_DOMAINS</Process><Process ToolSource="c:\program files\arcgis\pro\Resources\ArcToolbox\toolboxes\Data Management Tools.tbx\CalculateField" Date="20220406" Time="090246" Name="" export="">CalculateField svewTNRISMedinaParcels DATE_ACQ '202202' "Python 3" # Text NO_ENFORCE_DOMAINS</Process><Process ToolSource="c:\program files\arcgis\pro\Resources\ArcToolbox\toolboxes\Conversion Tools.tbx\FeatureClassToFeatureClass" Date="20220406" Time="090431" Name="" export="">FeatureClassToFeatureClass svewTNRISMedinaParcels M:\SM\Staff\Lauren\2022\LandParcel\03_Final\fgdb\stratmap22-landparcels_48325_medina_202202.gdb stratmap22_landparcels_48325_medina_202202 # "Prop_ID "Prop_ID" true true false 10 Text 0 0,First,#,svewTNRISMedinaParcels,Prop_ID,0,10;GEO_ID "GEO_ID" true true false 50 Text 0 0,First,#,svewTNRISMedinaParcels,GEO_ID,0,50;OWNER_NAME "OWNER_NAME" true true false 254 Text 0 0,First,#,svewTNRISMedinaParcels,OWNER_NAME,0,254;NAME_CARE "NAME_CARE" true true false 254 Text 0 0,First,#,svewTNRISMedinaParcels,NAME_CARE,0,254;LEGAL_AREA "LEGAL_AREA" true true false 19 Double 0 0,First,#,svewTNRISMedinaParcels,LEGAL_AREA,-1,-1;LGL_AREA_U "LGL_AREA_U" true true false 8 Text 0 0,First,#,svewTNRISMedinaParcels,LGL_AREA_U,0,8;GIS_AREA "GIS_AREA" true true false 19 Double 0 0,First,#,svewTNRISMedinaParcels,GIS_AREA,-1,-1;GIS_AREA_U "GIS_AREA_U" true true false 8 Text 0 0,First,#,svewTNRISMedinaParcels,GIS_AREA_U,0,8;LEGAL_DESC "LEGAL_DESC" true true false 254 Text 0 0,First,#,svewTNRISMedinaParcels,LEGAL_DESC,0,254;STAT_LAND_ "STAT_LAND_" true true false 5 Text 0 0,First,#,svewTNRISMedinaParcels,STAT_LAND_,0,5;LOC_LAND_U "LOC_LAND_U" true true false 5 Text 0 0,First,#,svewTNRISMedinaParcels,LOC_LAND_U,0,5;LAND_VALUE "LAND_VALUE" true true false 19 Double 0 0,First,#,svewTNRISMedinaParcels,LAND_VALUE,-1,-1;IMP_VALUE "IMP_VALUE" true true false 19 Double 0 0,First,#,svewTNRISMedinaParcels,IMP_VALUE,-1,-1;MKT_VALUE "MKT_VALUE" true true false 19 Double 0 0,First,#,svewTNRISMedinaParcels,MKT_VALUE,-1,-1;SITUS_ADDR "SITUS_ADDR" true true false 254 Text 0 0,First,#,svewTNRISMedinaParcels,SITUS_ADDR,0,254;SITUS_NUM "SITUS_NUM" true true false 15 Text 0 0,First,#,svewTNRISMedinaParcels,SITUS_NUM,0,15;SITUS_STRE "SITUS_STRE" true true false 10 Text 0 0,First,#,svewTNRISMedinaParcels,SITUS_STRE,0,10;SITUS_ST_1 "SITUS_ST_1" true true false 60 Text 0 0,First,#,svewTNRISMedinaParcels,SITUS_ST_1,0,60;SITUS_ST_2 "SITUS_ST_2" true true false 60 Text 0 0,First,#,svewTNRISMedinaParcels,SITUS_ST_2,0,60;SITUS_CITY "SITUS_CITY" true true false 60 Text 0 0,First,#,svewTNRISMedinaParcels,SITUS_CITY,0,60;SITUS_STAT "SITUS_STAT" true true false 2 Text 0 0,First,#,svewTNRISMedinaParcels,SITUS_STAT,0,2;SITUS_ZIP "SITUS_ZIP" true true false 5 Text 0 0,First,#,svewTNRISMedinaParcels,SITUS_ZIP,0,5;MAIL_ADDR "MAIL_ADDR" true true false 254 Text 0 0,First,#,svewTNRISMedinaParcels,MAIL_ADDR,0,254;MAIL_LINE1 "MAIL_LINE1" true true false 60 Text 0 0,First,#,svewTNRISMedinaParcels,MAIL_LINE1,0,60;MAIL_LINE2 "MAIL_LINE2" true true false 60 Text 0 0,First,#,svewTNRISMedinaParcels,MAIL_LINE2,0,60;MAIL_CITY "MAIL_CITY" true true false 60 Text 0 0,First,#,svewTNRISMedinaParcels,MAIL_CITY,0,60;MAIL_STAT "MAIL_STAT" true true false 2 Text 0 0,First,#,svewTNRISMedinaParcels,MAIL_STAT,0,2;MAIL_ZIP "MAIL_ZIP" true true false 5 Text 0 0,First,#,svewTNRISMedinaParcels,MAIL_ZIP,0,5;SOURCE "SOURCE" true true false 100 Text 0 0,First,#,svewTNRISMedinaParcels,SOURCE,0,100;DATE_ACQ "DATE_ACQ" true true false 10 Long 0 10,First,#,svewTNRISMedinaParcels,DATE_ACQ,-1,-1;FIPS "FIPS" true true false 5 Text 0 0,First,#,svewTNRISMedinaParcels,FIPS,0,5;COUNTY "COUNTY" true true false 60 Text 0 0,First,#,svewTNRISMedinaParcels,COUNTY,0,60;TAX_YEAR "TAX_YEAR" true true false 10 Long 0 10,First,#,svewTNRISMedinaParcels,TAX_YEAR,-1,-1;YEAR_BUILT "YEAR_BUILT" true true false 10 Long 0 10,First,#,svewTNRISMedinaParcels,YEAR_BUILT,-1,-1;OBJECTID_1 "OBJECTID_1" true true false 10 Long 0 10,First,#,svewTNRISMedinaParcels,OBJECTID_1,-1,-1" #</Process><Process ToolSource="c:\program files\arcgis\pro\Resources\ArcToolbox\toolboxes\Conversion Tools.tbx\FeatureClassToFeatureClass" Date="20220406" Time="090718">FeatureClassToFeatureClass M:\SM\Staff\Lauren\2022\LandParcel\03_Final\fgdb\stratmap22-landparcels_48325_medina_202202.gdb\stratmap22_landparcels_48325_medina_202202 M:\SM\Staff\Lauren\2022\LandParcel\03_Final\shp stratmap22-landparcels_48325_medina_202202.shp # "Prop_ID "Prop_ID" true true false 10 Text 0 0,First,#,M:\SM\Staff\Lauren\2022\LandParcel\03_Final\fgdb\stratmap22-landparcels_48325_medina_202202.gdb\stratmap22_landparcels_48325_medina_202202,Prop_ID,0,10;GEO_ID "GEO_ID" true true false 50 Text 0 0,First,#,M:\SM\Staff\Lauren\2022\LandParcel\03_Final\fgdb\stratmap22-landparcels_48325_medina_202202.gdb\stratmap22_landparcels_48325_medina_202202,GEO_ID,0,50;OWNER_NAME "OWNER_NAME" true true false 254 Text 0 0,First,#,M:\SM\Staff\Lauren\2022\LandParcel\03_Final\fgdb\stratmap22-landparcels_48325_medina_202202.gdb\stratmap22_landparcels_48325_medina_202202,OWNER_NAME,0,254;NAME_CARE "NAME_CARE" true true false 254 Text 0 0,First,#,M:\SM\Staff\Lauren\2022\LandParcel\03_Final\fgdb\stratmap22-landparcels_48325_medina_202202.gdb\stratmap22_landparcels_48325_medina_202202,NAME_CARE,0,254;LEGAL_AREA "LEGAL_AREA" true true false 8 Double 0 0,First,#,M:\SM\Staff\Lauren\2022\LandParcel\03_Final\fgdb\stratmap22-landparcels_48325_medina_202202.gdb\stratmap22_landparcels_48325_medina_202202,LEGAL_AREA,-1,-1;LGL_AREA_U "LGL_AREA_U" true true false 8 Text 0 0,First,#,M:\SM\Staff\Lauren\2022\LandParcel\03_Final\fgdb\stratmap22-landparcels_48325_medina_202202.gdb\stratmap22_landparcels_48325_medina_202202,LGL_AREA_U,0,8;GIS_AREA "GIS_AREA" true true false 8 Double 0 0,First,#,M:\SM\Staff\Lauren\2022\LandParcel\03_Final\fgdb\stratmap22-landparcels_48325_medina_202202.gdb\stratmap22_landparcels_48325_medina_202202,GIS_AREA,-1,-1;GIS_AREA_U "GIS_AREA_U" true true false 8 Text 0 0,First,#,M:\SM\Staff\Lauren\2022\LandParcel\03_Final\fgdb\stratmap22-landparcels_48325_medina_202202.gdb\stratmap22_landparcels_48325_medina_202202,GIS_AREA_U,0,8;LEGAL_DESC "LEGAL_DESC" true true false 254 Text 0 0,First,#,M:\SM\Staff\Lauren\2022\LandParcel\03_Final\fgdb\stratmap22-landparcels_48325_medina_202202.gdb\stratmap22_landparcels_48325_medina_202202,LEGAL_DESC,0,254;STAT_LAND_ "STAT_LAND_" true true false 5 Text 0 0,First,#,M:\SM\Staff\Lauren\2022\LandParcel\03_Final\fgdb\stratmap22-landparcels_48325_medina_202202.gdb\stratmap22_landparcels_48325_medina_202202,STAT_LAND_,0,5;LOC_LAND_U "LOC_LAND_U" true true false 5 Text 0 0,First,#,M:\SM\Staff\Lauren\2022\LandParcel\03_Final\fgdb\stratmap22-landparcels_48325_medina_202202.gdb\stratmap22_landparcels_48325_medina_202202,LOC_LAND_U,0,5;LAND_VALUE "LAND_VALUE" true true false 8 Double 0 0,First,#,M:\SM\Staff\Lauren\2022\LandParcel\03_Final\fgdb\stratmap22-landparcels_48325_medina_202202.gdb\stratmap22_landparcels_48325_medina_202202,LAND_VALUE,-1,-1;IMP_VALUE "IMP_VALUE" true true false 8 Double 0 0,First,#,M:\SM\Staff\Lauren\2022\LandParcel\03_Final\fgdb\stratmap22-landparcels_48325_medina_202202.gdb\stratmap22_landparcels_48325_medina_202202,IMP_VALUE,-1,-1;MKT_VALUE "MKT_VALUE" true true false 8 Double 0 0,First,#,M:\SM\Staff\Lauren\2022\LandParcel\03_Final\fgdb\stratmap22-landparcels_48325_medina_202202.gdb\stratmap22_landparcels_48325_medina_202202,MKT_VALUE,-1,-1;SITUS_ADDR "SITUS_ADDR" true true false 254 Text 0 0,First,#,M:\SM\Staff\Lauren\2022\LandParcel\03_Final\fgdb\stratmap22-landparcels_48325_medina_202202.gdb\stratmap22_landparcels_48325_medina_202202,SITUS_ADDR,0,254;SITUS_NUM "SITUS_NUM" true true false 15 Text 0 0,First,#,M:\SM\Staff\Lauren\2022\LandParcel\03_Final\fgdb\stratmap22-landparcels_48325_medina_202202.gdb\stratmap22_landparcels_48325_medina_202202,SITUS_NUM,0,15;SITUS_STRE "SITUS_STRE" true true false 10 Text 0 0,First,#,M:\SM\Staff\Lauren\2022\LandParcel\03_Final\fgdb\stratmap22-landparcels_48325_medina_202202.gdb\stratmap22_landparcels_48325_medina_202202,SITUS_STRE,0,10;SITUS_ST_1 "SITUS_ST_1" true true false 60 Text 0 0,First,#,M:\SM\Staff\Lauren\2022\LandParcel\03_Final\fgdb\stratmap22-landparcels_48325_medina_202202.gdb\stratmap22_landparcels_48325_medina_202202,SITUS_ST_1,0,60;SITUS_ST_2 "SITUS_ST_2" true true false 60 Text 0 0,First,#,M:\SM\Staff\Lauren\2022\LandParcel\03_Final\fgdb\stratmap22-landparcels_48325_medina_202202.gdb\stratmap22_landparcels_48325_medina_202202,SITUS_ST_2,0,60;SITUS_CITY "SITUS_CITY" true true false 60 Text 0 0,First,#,M:\SM\Staff\Lauren\2022\LandParcel\03_Final\fgdb\stratmap22-landparcels_48325_medina_202202.gdb\stratmap22_landparcels_48325_medina_202202,SITUS_CITY,0,60;SITUS_STAT "SITUS_STAT" true true false 2 Text 0 0,First,#,M:\SM\Staff\Lauren\2022\LandParcel\03_Final\fgdb\stratmap22-landparcels_48325_medina_202202.gdb\stratmap22_landparcels_48325_medina_202202,SITUS_STAT,0,2;SITUS_ZIP "SITUS_ZIP" true true false 5 Text 0 0,First,#,M:\SM\Staff\Lauren\2022\LandParcel\03_Final\fgdb\stratmap22-landparcels_48325_medina_202202.gdb\stratmap22_landparcels_48325_medina_202202,SITUS_ZIP,0,5;MAIL_ADDR "MAIL_ADDR" true true false 254 Text 0 0,First,#,M:\SM\Staff\Lauren\2022\LandParcel\03_Final\fgdb\stratmap22-landparcels_48325_medina_202202.gdb\stratmap22_landparcels_48325_medina_202202,MAIL_ADDR,0,254;MAIL_LINE1 "MAIL_LINE1" true true false 60 Text 0 0,First,#,M:\SM\Staff\Lauren\2022\LandParcel\03_Final\fgdb\stratmap22-landparcels_48325_medina_202202.gdb\stratmap22_landparcels_48325_medina_202202,MAIL_LINE1,0,60;MAIL_LINE2 "MAIL_LINE2" true true false 60 Text 0 0,First,#,M:\SM\Staff\Lauren\2022\LandParcel\03_Final\fgdb\stratmap22-landparcels_48325_medina_202202.gdb\stratmap22_landparcels_48325_medina_202202,MAIL_LINE2,0,60;MAIL_CITY "MAIL_CITY" true true false 60 Text 0 0,First,#,M:\SM\Staff\Lauren\2022\LandParcel\03_Final\fgdb\stratmap22-landparcels_48325_medina_202202.gdb\stratmap22_landparcels_48325_medina_202202,MAIL_CITY,0,60;MAIL_STAT "MAIL_STAT" true true false 2 Text 0 0,First,#,M:\SM\Staff\Lauren\2022\LandParcel\03_Final\fgdb\stratmap22-landparcels_48325_medina_202202.gdb\stratmap22_landparcels_48325_medina_202202,MAIL_STAT,0,2;MAIL_ZIP "MAIL_ZIP" true true false 5 Text 0 0,First,#,M:\SM\Staff\Lauren\2022\LandParcel\03_Final\fgdb\stratmap22-landparcels_48325_medina_202202.gdb\stratmap22_landparcels_48325_medina_202202,MAIL_ZIP,0,5;SOURCE "SOURCE" true true false 100 Text 0 0,First,#,M:\SM\Staff\Lauren\2022\LandParcel\03_Final\fgdb\stratmap22-landparcels_48325_medina_202202.gdb\stratmap22_landparcels_48325_medina_202202,SOURCE,0,100;DATE_ACQ "DATE_ACQ" true true false 4 Long 0 0,First,#,M:\SM\Staff\Lauren\2022\LandParcel\03_Final\fgdb\stratmap22-landparcels_48325_medina_202202.gdb\stratmap22_landparcels_48325_medina_202202,DATE_ACQ,-1,-1;FIPS "FIPS" true true false 5 Text 0 0,First,#,M:\SM\Staff\Lauren\2022\LandParcel\03_Final\fgdb\stratmap22-landparcels_48325_medina_202202.gdb\stratmap22_landparcels_48325_medina_202202,FIPS,0,5;COUNTY "COUNTY" true true false 60 Text 0 0,First,#,M:\SM\Staff\Lauren\2022\LandParcel\03_Final\fgdb\stratmap22-landparcels_48325_medina_202202.gdb\stratmap22_landparcels_48325_medina_202202,COUNTY,0,60;TAX_YEAR "TAX_YEAR" true true false 4 Long 0 0,First,#,M:\SM\Staff\Lauren\2022\LandParcel\03_Final\fgdb\stratmap22-landparcels_48325_medina_202202.gdb\stratmap22_landparcels_48325_medina_202202,TAX_YEAR,-1,-1;YEAR_BUILT "YEAR_BUILT" true true false 4 Long 0 0,First,#,M:\SM\Staff\Lauren\2022\LandParcel\03_Final\fgdb\stratmap22-landparcels_48325_medina_202202.gdb\stratmap22_landparcels_48325_medina_202202,YEAR_BUILT,-1,-1;OBJECTID_1 "OBJECTID_1" true true false 4 Long 0 0,First,#,M:\SM\Staff\Lauren\2022\LandParcel\03_Final\fgdb\stratmap22-landparcels_48325_medina_202202.gdb\stratmap22_landparcels_48325_medina_202202,OBJECTID_1,-1,-1;Shape_Length "Shape_Length" false true true 8 Double 0 0,First,#,M:\SM\Staff\Lauren\2022\LandParcel\03_Final\fgdb\stratmap22-landparcels_48325_medina_202202.gdb\stratmap22_landparcels_48325_medina_202202,Shape_Length,-1,-1;Shape_Area "Shape_Area" false true true 8 Double 0 0,First,#,M:\SM\Staff\Lauren\2022\LandParcel\03_Final\fgdb\stratmap22-landparcels_48325_medina_202202.gdb\stratmap22_landparcels_48325_medina_202202,Shape_Area,-1,-1" #</Process></lineage><itemProps><itemName Sync="TRUE">stratmap22-landparcels_48325_medina_202202</itemName><imsContentType Sync="TRUE">002</imsContentType><itemLocation><linkage Sync="TRUE">file://\\TWDB4AEFSSVR3\Vault\SM\Staff\Lauren\2022\LandParcel\03_Final\shp\stratmap22-landparcels_48325_medina_202202.shp</linkage><protocol Sync="TRUE">Local Area Network</protocol></itemLocation><itemSize Sync="TRUE">0.000</itemSize></itemProps><coordRef><type Sync="TRUE">Geographic</type><geogcsn Sync="TRUE">GCS_WGS_1984</geogcsn><csUnits Sync="TRUE">Angular Unit: Degree (0.017453)</csUnits><peXml Sync="TRUE">&lt;GeographicCoordinateSystem xsi:type='typens:GeographicCoordinateSystem' xmlns:xsi='http://www.w3.org/2001/XMLSchema-instance' xmlns:xs='http://www.w3.org/2001/XMLSchema' xmlns:typens='http://www.esri.com/schemas/ArcGIS/2.8.0'&gt;&lt;WKT&gt;GEOGCS[&amp;quot;GCS_WGS_1984&amp;quot;,DATUM[&amp;quot;D_WGS_1984&amp;quot;,SPHEROID[&amp;quot;WGS_1984&amp;quot;,6378137.0,298.257223563]],PRIMEM[&amp;quot;Greenwich&amp;quot;,0.0],UNIT[&amp;quot;Degree&amp;quot;,0.0174532925199433],AUTHORITY[&amp;quot;EPSG&amp;quot;,4326]]&lt;/WKT&gt;&lt;XOrigin&gt;-400&lt;/XOrigin&gt;&lt;YOrigin&gt;-400&lt;/YOrigin&gt;&lt;XYScale&gt;11258999068426.238&lt;/XYScale&gt;&lt;ZOrigin&gt;-100000&lt;/ZOrigin&gt;&lt;ZScale&gt;10000&lt;/ZScale&gt;&lt;MOrigin&gt;-100000&lt;/MOrigin&gt;&lt;MScale&gt;10000&lt;/MScale&gt;&lt;XYTolerance&gt;8.983152841195215e-09&lt;/XYTolerance&gt;&lt;ZTolerance&gt;0.001&lt;/ZTolerance&gt;&lt;MTolerance&gt;0.001&lt;/MTolerance&gt;&lt;HighPrecision&gt;true&lt;/HighPrecision&gt;&lt;LeftLongitude&gt;-180&lt;/LeftLongitude&gt;&lt;WKID&gt;4326&lt;/WKID&gt;&lt;LatestWKID&gt;4326&lt;/LatestWKID&gt;&lt;/GeographicCoordinateSystem&gt;</peXml></coordRef></DataProperties><SyncDate>20220406</SyncDate><SyncTime>09065700</SyncTime><ModDate>20220406</ModDate><ModTime>09065700</ModTime><scaleRange><minScale>150000000</minScale><maxScale>5000</maxScale></scaleRange><ArcGISProfile>ItemDescription</ArcGISProfile></Esri><dataIdInfo><envirDesc Sync="TRUE">Microsoft Windows 10 Version 10.0 (Build 18363) ; Esri ArcGIS 12.8.0.29751</envirDesc><dataLang><languageCode value="eng" Sync="TRUE"/><countryCode value="USA" Sync="TRUE"/></dataLang><idCitation><resTitle Sync="TRUE">stratmap22-landparcels_48325_medina_202202</resTitle><presForm><PresFormCd value="005" Sync="TRUE"/></presForm></idCitation><spatRpType><SpatRepTypCd value="001" Sync="TRUE"/></spatRpType><idPurp>This dataset was acquired from Medina County Appraisal District's (CAD) vendor BIS Consulting for distribution in the TNRIS DataHub as part of the annually updated statewide land parcel program.  Visit the website for current details, program progress, and FAQs https://tnris.org/stratmap/land-parcels/

TNRIS Compiled existing parcel data and transformed it into a common schema via translation tools for ease of use statewide.  When applicable, some fields were concatenated or calculated.  Null or empty values denote absence of data in the provided request.  Geometry was not edited nor will be in the future by TNRIS.  Please contact the CAD or their vendor for more information that is outside of the scope of this dataset or program.

The enclosed csv/xml file documents data mappings used in the conversion from the source data into the common schema.  This denotes the source field names that were translated into the common schema fields.

Field descriptions are taken from industry standards and supplemented by TNRIS.
</idPurp><idAbs>&lt;DIV STYLE="text-align:Left;"&gt;&lt;DIV&gt;&lt;DIV&gt;&lt;P&gt;&lt;SPAN&gt;Date acquired by TNRIS: February 2022&lt;/SPAN&gt;&lt;/P&gt;&lt;/DIV&gt;&lt;/DIV&gt;&lt;/DIV&gt;</idAbs><idCredit>Medina CAD via: https://medinacad.org/</idCredit><searchKeys><keyword>Parcels</keyword><keyword>Medina County</keyword></searchKeys><resConst><Consts><useLimit>&lt;DIV STYLE="text-align:Left;"&gt;&lt;DIV&gt;&lt;P&gt;&lt;SPAN&gt;TNRIS takes no responsibility for the spatial accuracy, completeness, or currency of the data. The dataset may not be survey grade and should not be utilized as such.&lt;/SPAN&gt;&lt;/P&gt;&lt;/DIV&gt;&lt;/DIV&gt;</useLimit></Consts></resConst></dataIdInfo><mdLang><languageCode value="eng" Sync="TRUE"/><countryCode value="USA" Sync="TRUE"/></mdLang><distInfo><distFormat><formatName Sync="TRUE">Shapefile</formatName></distFormat><distTranOps><transSize Sync="TRUE">0.000</transSize></distTranOps></distInfo><mdHrLv><ScopeCd value="005" Sync="TRUE"/></mdHrLv><mdHrLvName Sync="TRUE">dataset</mdHrLvName><refSysInfo><RefSystem><refSysID><identCode code="4326" Sync="TRUE"/><idCodeSpace Sync="TRUE">EPSG</idCodeSpace><idVersion Sync="TRUE">6.2(3.0.1)</idVersion></refSysID></RefSystem></refSysInfo><spatRepInfo><VectSpatRep><geometObjs Name="stratmap22-landparcels_48325_medina_202202"><geoObjTyp><GeoObjTypCd value="002" Sync="TRUE"></GeoObjTypCd></geoObjTyp><geoObjCnt Sync="TRUE">0</geoObjCnt></geometObjs><topLvl><TopoLevCd value="001" Sync="TRUE"></TopoLevCd></topLvl></VectSpatRep></spatRepInfo><spdoinfo><ptvctinf><esriterm Name="stratmap22-landparcels_48325_medina_202202"><efeatyp Sync="TRUE">Simple</efeatyp><efeageom code="4" Sync="TRUE"></efeageom><esritopo Sync="TRUE">FALSE</esritopo><efeacnt Sync="TRUE">0</efeacnt><spindex Sync="TRUE">FALSE</spindex><linrefer Sync="TRUE">FALSE</linrefer></esriterm></ptvctinf></spdoinfo><eainfo><detailed Name="stratmap22-landparcels_48325_medina_202202"><enttyp><enttypl Sync="TRUE">stratmap22-landparcels_48325_medina_202202</enttypl><enttypt Sync="TRUE">Feature Class</enttypt><enttypc Sync="TRUE">0</enttypc></enttyp><attr><attrlabl Sync="TRUE">FID</attrlabl><attalias Sync="TRUE">FID</attalias><attrtype Sync="TRUE">OID</attrtype><attwidth Sync="TRUE">4</attwidth><atprecis Sync="TRUE">0</atprecis><attscale Sync="TRUE">0</attscale><attrdef Sync="TRUE">Internal feature number.</attrdef><attrdefs Sync="TRUE">Esri</attrdefs><attrdomv><udom Sync="TRUE">Sequential unique whole numbers that are automatically generated.</udom></attrdomv></attr><attr><attrlabl Sync="TRUE">Shape</attrlabl><attalias Sync="TRUE">Shape</attalias><attrtype Sync="TRUE">Geometry</attrtype><attwidth Sync="TRUE">0</attwidth><atprecis Sync="TRUE">0</atprecis><attscale Sync="TRUE">0</attscale><attrdef Sync="TRUE">Feature geometry.</attrdef><attrdefs Sync="TRUE">Esri</attrdefs><attrdomv><udom Sync="TRUE">Coordinates defining the features.</udom></attrdomv></attr><attr><attrlabl Sync="TRUE">Prop_ID</attrlabl><attalias Sync="TRUE">Prop_ID</attalias><attrtype Sync="TRUE">String</attrtype><attwidth Sync="TRUE">10</attwidth><atprecis Sync="TRUE">0</atprecis><attscale Sync="TRUE">0</attscale></attr><attr><attrlabl Sync="TRUE">GEO_ID</attrlabl><attalias Sync="TRUE">GEO_ID</attalias><attrtype Sync="TRUE">String</attrtype><attwidth Sync="TRUE">50</attwidth><atprecis Sync="TRUE">0</atprecis><attscale Sync="TRUE">0</attscale></attr><attr><attrlabl Sync="TRUE">OWNER_NAME</attrlabl><attalias Sync="TRUE">OWNER_NAME</attalias><attrtype Sync="TRUE">String</attrtype><attwidth Sync="TRUE">254</attwidth><atprecis Sync="TRUE">0</atprecis><attscale Sync="TRUE">0</attscale></attr><attr><attrlabl Sync="TRUE">NAME_CARE</attrlabl><attalias Sync="TRUE">NAME_CARE</attalias><attrtype Sync="TRUE">String</attrtype><attwidth Sync="TRUE">254</attwidth><atprecis Sync="TRUE">0</atprecis><attscale Sync="TRUE">0</attscale></attr><attr><attrlabl Sync="TRUE">LEGAL_AREA</attrlabl><attalias Sync="TRUE">LEGAL_AREA</attalias><attrtype Sync="TRUE">Double</attrtype><attwidth Sync="TRUE">19</attwidth><atprecis Sync="TRUE">0</atprecis><attscale Sync="TRUE">0</attscale></attr><attr><attrlabl Sync="TRUE">LGL_AREA_U</attrlabl><attalias Sync="TRUE">LGL_AREA_U</attalias><attrtype Sync="TRUE">String</attrtype><attwidth Sync="TRUE">8</attwidth><atprecis Sync="TRUE">0</atprecis><attscale Sync="TRUE">0</attscale></attr><attr><attrlabl Sync="TRUE">GIS_AREA</attrlabl><attalias Sync="TRUE">GIS_AREA</attalias><attrtype Sync="TRUE">Double</attrtype><attwidth Sync="TRUE">19</attwidth><atprecis Sync="TRUE">0</atprecis><attscale Sync="TRUE">0</attscale></attr><attr><attrlabl Sync="TRUE">GIS_AREA_U</attrlabl><attalias Sync="TRUE">GIS_AREA_U</attalias><attrtype Sync="TRUE">String</attrtype><attwidth Sync="TRUE">8</attwidth><atprecis Sync="TRUE">0</atprecis><attscale Sync="TRUE">0</attscale></attr><attr><attrlabl Sync="TRUE">LEGAL_DESC</attrlabl><attalias Sync="TRUE">LEGAL_DESC</attalias><attrtype Sync="TRUE">String</attrtype><attwidth Sync="TRUE">254</attwidth><atprecis Sync="TRUE">0</atprecis><attscale Sync="TRUE">0</attscale></attr><attr><attrlabl Sync="TRUE">STAT_LAND_</attrlabl><attalias Sync="TRUE">STAT_LAND_</attalias><attrtype Sync="TRUE">String</attrtype><attwidth Sync="TRUE">5</attwidth><atprecis Sync="TRUE">0</atprecis><attscale Sync="TRUE">0</attscale></attr><attr><attrlabl Sync="TRUE">LOC_LAND_U</attrlabl><attalias Sync="TRUE">LOC_LAND_U</attalias><attrtype Sync="TRUE">String</attrtype><attwidth Sync="TRUE">5</attwidth><atprecis Sync="TRUE">0</atprecis><attscale Sync="TRUE">0</attscale></attr><attr><attrlabl Sync="TRUE">LAND_VALUE</attrlabl><attalias Sync="TRUE">LAND_VALUE</attalias><attrtype Sync="TRUE">Double</attrtype><attwidth Sync="TRUE">19</attwidth><atprecis Sync="TRUE">0</atprecis><attscale Sync="TRUE">0</attscale></attr><attr><attrlabl Sync="TRUE">IMP_VALUE</attrlabl><attalias Sync="TRUE">IMP_VALUE</attalias><attrtype Sync="TRUE">Double</attrtype><attwidth Sync="TRUE">19</attwidth><atprecis Sync="TRUE">0</atprecis><attscale Sync="TRUE">0</attscale></attr><attr><attrlabl Sync="TRUE">MKT_VALUE</attrlabl><attalias Sync="TRUE">MKT_VALUE</attalias><attrtype Sync="TRUE">Double</attrtype><attwidth Sync="TRUE">19</attwidth><atprecis Sync="TRUE">0</atprecis><attscale Sync="TRUE">0</attscale></attr><attr><attrlabl Sync="TRUE">SITUS_ADDR</attrlabl><attalias Sync="TRUE">SITUS_ADDR</attalias><attrtype Sync="TRUE">String</attrtype><attwidth Sync="TRUE">254</attwidth><atprecis Sync="TRUE">0</atprecis><attscale Sync="TRUE">0</attscale></attr><attr><attrlabl Sync="TRUE">SITUS_NUM</attrlabl><attalias Sync="TRUE">SITUS_NUM</attalias><attrtype Sync="TRUE">String</attrtype><attwidth Sync="TRUE">15</attwidth><atprecis Sync="TRUE">0</atprecis><attscale Sync="TRUE">0</attscale></attr><attr><attrlabl Sync="TRUE">SITUS_STRE</attrlabl><attalias Sync="TRUE">SITUS_STRE</attalias><attrtype Sync="TRUE">String</attrtype><attwidth Sync="TRUE">10</attwidth><atprecis Sync="TRUE">0</atprecis><attscale Sync="TRUE">0</attscale></attr><attr><attrlabl Sync="TRUE">SITUS_ST_1</attrlabl><attalias Sync="TRUE">SITUS_ST_1</attalias><attrtype Sync="TRUE">String</attrtype><attwidth Sync="TRUE">60</attwidth><atprecis Sync="TRUE">0</atprecis><attscale Sync="TRUE">0</attscale></attr><attr><attrlabl Sync="TRUE">SITUS_ST_2</attrlabl><attalias Sync="TRUE">SITUS_ST_2</attalias><attrtype Sync="TRUE">String</attrtype><attwidth Sync="TRUE">60</attwidth><atprecis Sync="TRUE">0</atprecis><attscale Sync="TRUE">0</attscale></attr><attr><attrlabl Sync="TRUE">SITUS_CITY</attrlabl><attalias Sync="TRUE">SITUS_CITY</attalias><attrtype Sync="TRUE">String</attrtype><attwidth Sync="TRUE">60</attwidth><atprecis Sync="TRUE">0</atprecis><attscale Sync="TRUE">0</attscale></attr><attr><attrlabl Sync="TRUE">SITUS_STAT</attrlabl><attalias Sync="TRUE">SITUS_STAT</attalias><attrtype Sync="TRUE">String</attrtype><attwidth Sync="TRUE">2</attwidth><atprecis Sync="TRUE">0</atprecis><attscale Sync="TRUE">0</attscale></attr><attr><attrlabl Sync="TRUE">SITUS_ZIP</attrlabl><attalias Sync="TRUE">SITUS_ZIP</attalias><attrtype Sync="TRUE">String</attrtype><attwidth Sync="TRUE">5</attwidth><atprecis Sync="TRUE">0</atprecis><attscale Sync="TRUE">0</attscale></attr><attr><attrlabl Sync="TRUE">MAIL_ADDR</attrlabl><attalias Sync="TRUE">MAIL_ADDR</attalias><attrtype Sync="TRUE">String</attrtype><attwidth Sync="TRUE">254</attwidth><atprecis Sync="TRUE">0</atprecis><attscale Sync="TRUE">0</attscale></attr><attr><attrlabl Sync="TRUE">MAIL_LINE1</attrlabl><attalias Sync="TRUE">MAIL_LINE1</attalias><attrtype Sync="TRUE">String</attrtype><attwidth Sync="TRUE">60</attwidth><atprecis Sync="TRUE">0</atprecis><attscale Sync="TRUE">0</attscale></attr><attr><attrlabl Sync="TRUE">MAIL_LINE2</attrlabl><attalias Sync="TRUE">MAIL_LINE2</attalias><attrtype Sync="TRUE">String</attrtype><attwidth Sync="TRUE">60</attwidth><atprecis Sync="TRUE">0</atprecis><attscale Sync="TRUE">0</attscale></attr><attr><attrlabl Sync="TRUE">MAIL_CITY</attrlabl><attalias Sync="TRUE">MAIL_CITY</attalias><attrtype Sync="TRUE">String</attrtype><attwidth Sync="TRUE">60</attwidth><atprecis Sync="TRUE">0</atprecis><attscale Sync="TRUE">0</attscale></attr><attr><attrlabl Sync="TRUE">MAIL_STAT</attrlabl><attalias Sync="TRUE">MAIL_STAT</attalias><attrtype Sync="TRUE">String</attrtype><attwidth Sync="TRUE">2</attwidth><atprecis Sync="TRUE">0</atprecis><attscale Sync="TRUE">0</attscale></attr><attr><attrlabl Sync="TRUE">MAIL_ZIP</attrlabl><attalias Sync="TRUE">MAIL_ZIP</attalias><attrtype Sync="TRUE">String</attrtype><attwidth Sync="TRUE">5</attwidth><atprecis Sync="TRUE">0</atprecis><attscale Sync="TRUE">0</attscale></attr><attr><attrlabl Sync="TRUE">SOURCE</attrlabl><attalias Sync="TRUE">SOURCE</attalias><attrtype Sync="TRUE">String</attrtype><attwidth Sync="TRUE">100</attwidth><atprecis Sync="TRUE">0</atprecis><attscale Sync="TRUE">0</attscale></attr><attr><attrlabl Sync="TRUE">DATE_ACQ</attrlabl><attalias Sync="TRUE">DATE_ACQ</attalias><attrtype Sync="TRUE">Integer</attrtype><attwidth Sync="TRUE">10</attwidth><atprecis Sync="TRUE">10</atprecis><attscale Sync="TRUE">0</attscale></attr><attr><attrlabl Sync="TRUE">FIPS</attrlabl><attalias Sync="TRUE">FIPS</attalias><attrtype Sync="TRUE">String</attrtype><attwidth Sync="TRUE">5</attwidth><atprecis Sync="TRUE">0</atprecis><attscale Sync="TRUE">0</attscale></attr><attr><attrlabl Sync="TRUE">COUNTY</attrlabl><attalias Sync="TRUE">COUNTY</attalias><attrtype Sync="TRUE">String</attrtype><attwidth Sync="TRUE">60</attwidth><atprecis Sync="TRUE">0</atprecis><attscale Sync="TRUE">0</attscale></attr><attr><attrlabl Sync="TRUE">TAX_YEAR</attrlabl><attalias Sync="TRUE">TAX_YEAR</attalias><attrtype Sync="TRUE">Integer</attrtype><attwidth Sync="TRUE">10</attwidth><atprecis Sync="TRUE">10</atprecis><attscale Sync="TRUE">0</attscale></attr><attr><attrlabl Sync="TRUE">YEAR_BUILT</attrlabl><attalias Sync="TRUE">YEAR_BUILT</attalias><attrtype Sync="TRUE">Integer</attrtype><attwidth Sync="TRUE">10</attwidth><atprecis Sync="TRUE">10</atprecis><attscale Sync="TRUE">0</attscale></attr><attr><attrlabl Sync="TRUE">OBJECTID_1</attrlabl><attalias Sync="TRUE">OBJECTID_1</attalias><attrtype Sync="TRUE">Integer</attrtype><attwidth Sync="TRUE">10</attwidth><atprecis Sync="TRUE">10</atprecis><attscale Sync="TRUE">0</attscale></attr><attr><attrlabl Sync="TRUE">Shape_Leng</attrlabl><attalias Sync="TRUE">Shape_Leng</attalias><attrtype Sync="TRUE">Double</attrtype><attwidth Sync="TRUE">19</attwidth><atprecis Sync="TRUE">0</atprecis><attscale Sync="TRUE">0</attscale></attr><attr><attrlabl Sync="TRUE">Shape_Area</attrlabl><attalias Sync="TRUE">Shape_Area</attalias><attrtype Sync="TRUE">Double</attrtype><attwidth Sync="TRUE">19</attwidth><atprecis Sync="TRUE">0</atprecis><attscale Sync="TRUE">0</attscale><attrdef Sync="TRUE">Area of feature in internal units squared.</attrdef><attrdefs Sync="TRUE">Esri</attrdefs><attrdomv><udom Sync="TRUE">Positive real numbers that are automatically generated.</udom></attrdomv></attr></detailed></eainfo><mdDateSt Sync="TRUE">20220406</mdDateSt></metadata>
